time_sec,acc_x_g,acc_y_g,acc_z_g,gyro_x_rad_s,gyro_y_rad_s,gyro_z_rad_s
0.0,-0.293445987166325,9.344596947807327,9.582075734217035,0.0,1.0,0.0
0.01744071904468689,-0.4502909597511372,10.009067139115404,9.363039883577242,0.03487316072667393,0.9993536379269203,0.0
0.03488143808937378,0.6113050854844092,9.56653732107761,10.355956477785105,0.06970281106159977,0.9975177079577245,0.0
0.05232215713406067,0.5535380756398819,9.377097489939029,9.452590107940178,0.10444958419743122,0.9944943288464906,0.0
0.06976287617874756,0.7483461510083111,9.608459727418937,10.366325435626342,0.13907287659113687,0.990277473874523,0.0
0.08720359522343445,1.6978586207740043,9.76937642965585,9.830607493223674,0.17351747739537088,0.9847898816762057,0.0
0.10464431426812135,1.098122319273174,9.654257716071212,10.5914811013573,0.20775374525022147,0.9781303035384837,0.0
0.12208503331280823,0.7794810040335174,10.598758648079281,10.888643160545797,0.24174298843990286,0.9703063010532609,0.0
0.13952575235749512,0.971313802241931,9.590731996272972,10.304995542125292,0.27544153164854074,0.9613084276042967,0.0
0.156966471402182,0.7747369324302702,9.645434357100354,9.612968171605248,0.3087887946755194,0.9510861954311169,0.0
0.1744071904468689,1.00145557524328,10.113825880564823,9.893152212433296,0.3417669430339101,0.9397322840194191,0.0
0.19184790949155578,1.1879571736116294,8.455965820118479,9.393826850809077,0.37433870890273235,0.9272595514330813,0.0
0.2092886285362427,2.0476424932640045,8.949284521478285,9.25206331053812,0.4064556476422421,0.91365604946261,0.0
0.22672934758092958,2.573035368339831,9.104910559434757,10.045845580042457,0.4380581061462359,0.8988976922577661,0.0
0.24417006662561647,2.1751927377827505,9.203249396423445,9.40782753006476,0.46913782650861896,0.8830699055781734,0.0
0.2616107856703033,2.9840481635125515,9.165044198787308,10.520842571297635,0.499659686048236,0.8661905950972962,0.0
0.27905150471499024,2.5429001575308114,9.328076571665267,10.340363230555305,0.5295689938955409,0.8482466272323042,0.0
0.29649222375967715,2.470322473186063,7.986540760570012,10.352250971500181,0.5588130626104847,0.8292387298114346,0.0
0.313932942804364,2.6089674231196054,8.54329440929142,10.72095752715023,0.5873909065560579,0.8092443886249466,0.0
0.3313736618490509,2.8045573886759643,8.259918404997741,9.532878670352856,0.615270227921176,0.7882862104130068,0.0
0.3488143808937378,3.5754044806887424,9.58665365952665,9.770508611955782,0.6423889096956541,0.7663515434184367,0.0
0.3662550999384247,3.4517027115638395,9.941824618682777,11.061827157891653,0.6687067973173508,0.7434631957590424,0.0
0.38369581898311156,3.8880096559443302,8.866473641698994,10.233199977166176,0.6942278924305837,0.7196905168406736,0.0
0.4011365380277985,3.6737278723009266,9.851500292543825,9.299795715373886,0.7189233471565947,0.695060376952922,0.0
0.4185772570724854,4.0799633095889165,9.73272632357229,9.39842865649243,0.7427228025473382,0.6695625641237375,0.0
0.43601797611717225,3.3659510608389884,8.822427484716842,9.692418426878332,0.7656035350662497,0.6432381949096952,0.0
0.45345869516185916,3.8928267088971333,8.558476469701327,9.372409305911413,0.7875723577779259,0.6161487537624974,0.0
0.470899414206546,5.099671935153767,8.082093246538259,9.250968174890374,0.8086044310348098,0.5883248544958936,0.0
0.48834013325123293,4.445229818575647,9.088469942673202,10.435404117910437,0.8286207579794772,0.5597609018606402,0.0
0.5057808522959198,4.494602402427477,8.208296198051242,8.911448362468748,0.8476200988659996,0.5305116494212148,0.0
0.5232215713406067,5.3322841960826155,8.191117845220864,10.331797807102587,0.8656100950671919,0.5006314187736722,0.0
0.5406622903852936,5.622658966959597,8.044742951710338,8.791602963304879,0.8825703958986524,0.4701539747855601,0.0
0.5581030094299805,5.066009352606095,8.483816576640615,9.514539329859696,0.8984134328854354,0.43908065355989123,0.0
0.5755437284746674,5.280757924730188,8.649072506477308,9.93635905611213,0.9131625075466258,0.40747444173548586,0.0
0.5929844475193543,5.874538546751876,8.616854200196665,8.723946292808874,0.9268243742025154,0.3753835797993308,0.0
0.6104251665640411,5.231639952985149,7.826566459761586,10.275477703850022,0.9393835649942299,0.3428443302220087,0.0
0.627865885608728,4.91797660263341,7.868868549290507,9.680071597631542,0.9507444960385814,0.30986732433709413,0.0
0.6453066046534149,5.345877443191637,8.040103647819556,11.025336214136104,0.9609569531207063,0.2765178359444061,0.0
0.6627473236981019,5.916300789712411,7.601198049750992,9.547487043152861,0.9700254201054005,0.2428394226811554,0.0
0.6801880427427887,6.330260216326131,7.299668384534474,9.025212266593407,0.977939611330323,0.20887014283444974,0.0
0.6976287617874756,6.372433594425154,7.699217660048032,10.224449137838429,0.9845969853935039,0.17463224307120814,0.0
0.7150694808321625,6.110454001681121,7.162996446634866,9.703184515508756,0.9900745559101987,0.1401870050404536,0.0
0.7325101998768494,5.7525527155922065,7.612406668185387,10.435477198067343,0.9943735363991083,0.10557494510771369,0.0
0.7499509189215363,6.872266998960269,7.287201275884988,10.186893267892014,0.9974870642207131,0.07083504196464377,0.0
0.7673916379662231,6.500775420797776,7.448542991972713,9.316002136627466,0.999313070001791,0.03600375567746868,0.0
0.78483235701091,6.877394320946274,6.611371373836495,10.694807964659223,0.9999494163716229,0.0011315671785310927,0.0
0.802273076055597,6.890786413075433,6.677929013362607,9.813457767434228,0.9993954257993304,-0.0337421055950804,0.0
0.8197137951002839,7.297584237973441,6.81705070147649,9.754751960660423,0.9976402497237592,-0.06857705125466595,0.0
0.8371545141449708,7.317426294764578,7.03380183662042,9.180022712952615,0.9946068325415456,-0.10332385542966588,0.0
0.8545952331896576,8.091728634394876,6.3399338935001746,10.377474560927656,0.9903896128175531,-0.13794590780166163,0.0
0.8720359522343445,7.4370620566823025,6.5806928392193065,10.524169280579661,0.9849933900216495,-0.1724040779453345,0.0
0.8894766712790314,7.730423599641088,6.194526578023568,9.761320869772117,0.9784037251565186,-0.20665505946880636,0.0
0.9069173903237183,7.7453784983341,5.996402316694599,9.228017335029561,0.9705698240913873,-0.24064273300670863,0.0
0.9243581093684051,7.797247456413988,6.155563105922977,10.199631240499949,0.9615809313142752,-0.274342420900334,0.0
0.941798828413092,7.647003240169461,5.624519457290696,9.605934104163643,0.9514472303868735,-0.3077160375317426,0.0
0.959239547457779,8.175828807136842,5.864696634121837,10.258647760475297,0.9401515254988638,-0.34071543124661297,0.0
0.9766802665024659,8.641056546589676,6.003832910543165,9.771186309747396,0.9276692832369466,-0.37328407021674714,0.0
0.9941209855471528,7.1591574132700915,5.597494579415322,10.23109180932591,0.9140832552704208,-0.4054070748397615,0.0
1.0115617045918397,7.694926099324309,4.857179874087832,9.879870057805373,0.899408812151473,-0.43704814137871745,0.0
1.0290024236365265,8.312764155452403,6.296529008448918,10.090517363062702,0.8836272459217311,-0.4681527197849431,0.0
1.0464431426812133,8.869170825467886,4.954954572482877,8.60367905748287,0.8667390541513806,-0.4986699767457109,0.0
1.0638838617259003,8.931706768389379,4.07592746712672,10.098813827908614,0.8488196848749223,-0.5285925924515159,0.0
1.0813245807705871,8.449754140049542,4.199760438239985,10.197816184974236,0.8298893981557076,-0.5578867476351783,0.0
1.0987652998152742,8.521743915543746,4.699781454240217,9.520876177080023,0.8099295874672178,-0.5864902170701239,0.0
1.116206018859961,8.79130927964455,3.2188675199150274,10.103022065021406,0.7889633801711642,-0.6143635778708028,0.0
1.1336467379046478,9.01143520957785,3.559301904655267,8.981867982698839,0.7670585978228958,-0.6415048213913005,0.0
1.1510874569493348,8.466763715095482,3.82540289628647,10.047196065486911,0.7442399978962598,-0.667883267342519,0.0
1.1685281759940216,9.207809519715154,3.9286382066546452,9.886564531118907,0.7204910018057771,-0.6934280857405916,0.0
1.1859688950387086,9.532130683039217,3.736853374230938,9.634942881729641,0.6958538878373147,-0.7181163728952299,0.0
1.2034096140833954,10.004040025137742,3.6051875832979516,9.493612695575315,0.6703889999397069,-0.7419492631341744,0.0
1.2208503331280822,9.5620998597411,2.3404030010186805,9.06597970929749,0.6441251138628318,-0.7648998089090756,0.0
1.2382910521727692,9.130927156064267,3.4988542590019502,9.645172318084239,0.6170498501293842,-0.7868880533100573,0.0
1.255731771217456,9.184062619258373,3.498656643425406,10.029612594034642,0.5892202086999917,-0.8079119326250159,0.0
1.273172490262143,9.291861976619808,3.4952141719589953,9.175488891284738,0.5606896447109735,-0.8279737220282051,0.0
1.2906132093068299,9.630250342584253,2.1041624282753495,10.394682431592205,0.5314903952915808,-0.8470507282392286,0.0
1.3080539283515167,9.660600371763602,3.200824494247481,10.21144881211134,0.5016166172749983,-0.8650538002210427,0.0
1.3254946473962037,8.749134926455792,3.0296579783966613,10.43267246075763,0.4711348098197073,-0.882005086709255,0.0
1.3429353664408905,10.110785758589277,2.4133577456700865,9.37194695138091,0.4400925218157154,-0.8979062455812147,0.0
1.3603760854855773,9.92498208811724,2.391948797650449,9.880053066035307,0.40852482788907624,-0.9127392770241289,0.0
1.3778168045302643,9.813003625883692,1.9759849867153958,10.181859870883326,0.3764348376923589,-0.9264062568862318,0.0
1.3952575235749511,9.388491155035085,1.6273491085723848,10.538626445559856,0.34389271643874575,-0.9389558393121551,0.0
1.4126982426196382,10.077805844663596,1.8153623529519014,10.527760025960838,0.3109414241882623,-0.9503876186582052,0.0
1.430138961664325,9.391723399585981,1.5857815779352338,9.742597717150018,0.2776181942677458,-0.9606886369521733,0.0
1.4475796807090118,9.78840292810114,1.0735869128326672,10.401728241269133,0.24393749262948447,-0.969753123813418,0.0
1.4650203997536988,9.613832946628053,2.049334372357065,9.37828134865632,0.20996690955494504,-0.9776573540304285,0.0
1.4824611187983856,10.058784200317781,1.3242346791566646,9.10978606383695,0.1757463987754136,-0.9843977800982393,0.0
1.4999018378430726,9.115374957896586,0.41223261755589374,9.895423391168658,0.14131407765678372,-0.9899628496274837,0.0
1.5173425568877594,9.633453163078126,0.40018324330914246,9.850547422287963,0.10669972591140428,-0.9942520411762518,0.0
1.5347832759324462,10.850613184278302,1.3092605694614756,9.730988092357954,0.07196026517803158,-0.9973574642222415,0.0
1.5522239949771333,10.060164895153463,0.31680877016579245,9.792459079555591,0.037134966150163776,-0.9992756483625441,0.0
1.56966471402182,9.77031524222623,0.3393671393650074,9.832852605081591,0.002263168639004748,-0.9999909583228171,0.0
1.587105433066507,10.281756497453054,-0.2883203913875645,10.01507666491746,-0.03261120277722183,-0.999426957605839,0.0
1.604546152111194,9.143510616523132,-0.02724493065347644,9.311097965499986,-0.06744503074704997,-0.9976732907344867,0.0
1.6219868711558807,9.228901057682982,-0.6386142424298767,11.174799930355992,-0.10219894306240396,-0.9947319709054453,0.0
1.6394275902005677,9.1988818085402,-0.4121440084493103,9.961679631760004,-0.13683049178268455,-0.9905835812580187,0.0
1.6568683092452545,10.227416925415506,-0.030443828959843766,10.042296100131107,-0.17128775451690856,-0.9851773801393247,0.0
1.6743090282899415,9.225056643277629,-0.8645691332753602,10.140653939708223,-0.20553960871070942,-0.9785986829585945,0.0
1.6917497473346284,9.37228944282998,-1.4853461581968022,10.137759016635245,-0.23954734261807115,-0.9708549475276577,0.0
1.7091904663793152,10.053688339690257,-1.180465507011615,9.552441870068588,-0.27326360063686195,-0.9619237212964799,0.0
1.7266311854240022,8.861546099219415,-1.5925748238876274,9.832147843593958,-0.30663473031882854,-0.951780325602696,0.0
1.744071904468689,8.79964397693899,0.06880245029585907,9.810517586993287,-0.3396395703123289,-0.9405043386086849,0.0
1.7615126235133758,8.878838308378407,-1.3769089128597747,9.91911972031633,-0.3722408185260687,-0.9281085183930908,0.0
1.7789533425580628,10.370163608437858,-1.517381771792917,9.661987716493893,-0.40438458499632746,-0.914568545455361,0.0
1.7963940616027496,9.972274110539333,-2.6271878988597575,9.353428829839876,-0.43602165026190265,-0.8998849355379095,0.0
1.8138347806474366,9.74519427554497,-2.2286965372564285,10.108655481886784,-0.4671386479791519,-0.8841305998895345,0.0
1.8312754996921234,9.478495778496844,-2.0213931080312015,8.98876068194101,-0.4977004076227614,-0.8673233499370562,0.0
1.8487162187368102,9.147895628175489,-2.3452326584603336,9.705564067029409,-0.5276451327947909,-0.8494385536674853,0.0
1.8661569377814973,10.271108011541752,-2.6578090278122604,10.024823363002263,-0.5569338747011489,-0.8304998593529742,0.0
1.883597656826184,9.65292198935834,-3.3262366947842645,10.33998250908176,-0.585558856090163,-0.8105730660409165,0.0
1.901038375870871,8.944107147660874,-2.9910888976033982,9.387203094427804,-0.613487718662864,-0.7896806937956112,0.0
1.918479094915558,9.058794009376228,-3.765593004101257,9.632522144293295,-0.64064971647418,-0.7677996867065712,0.0
1.9359198139602447,9.195351053729542,-4.1796032602515165,9.19606544771955,-0.6670214740958595,-0.7449736509074366,0.0
1.9533605330049317,9.279012652923976,-4.421742828386924,9.782575090050951,-0.692598649179706,-0.7212613018438405,0.0
1.9708012520496185,9.314065000084296,-3.787282493967915,10.467207467468592,-0.7173523218912566,-0.6966894323852978,0.0
1.9882419710943056,9.616861214926413,-3.68863461239305,10.159431905301105,-0.741202147070672,-0.6712387210345179,0.0
2.0056826901389924,8.630820110111388,-3.351563986386267,9.705069836745505,-0.7641448977602054,-0.6449685595139474,0.0
2.0231234091836794,8.89049421811199,-4.2243312387668155,9.651680946758951,-0.7861776513384865,-0.6179310558403892,0.0
2.040564128228366,8.737997987839998,-4.463671720034409,8.98923480162172,-0.8072754861332784,-0.5901567571683866,0.0
2.058004847273053,8.857708018388717,-3.9726270031414748,8.903999795026426,-0.8273482540621206,-0.5616324287808906,0.0
2.07544556631774,8.718446399433788,-4.591940748783554,10.511223496511548,-0.8464165540476238,-0.5324282247010752,0.0
2.0928862853624266,9.0504614590056,-4.150221413716815,9.376824395022705,-0.8644770875591382,-0.5025905281450677,0.0
2.1103270044071136,8.390373610281866,-4.5110441767598495,10.445048143351189,-0.8815094134131944,-0.4721530493779671,0.0
2.1277677234518007,8.75656871433137,-5.596116585980824,10.534476987236953,-0.8974138615936739,-0.44111110222242544,0.0
2.1452084424964877,8.217972005336676,-5.440883463296758,9.927372084754683,-0.9122374939350368,-0.4095399025488443,0.0
2.1626491615411743,7.426772130398286,-6.083288895769407,9.793059483011021,-0.9259751312949319,-0.3774813433609817,0.0
2.1800898805858613,9.287502655815658,-5.654122063339266,10.293662961174457,-0.9386112086003564,-0.34497164564523963,0.0
2.1975305996305483,7.707745915132502,-5.951295359804028,9.263605493989276,-0.9500373231088539,-0.3120171516400436,0.0
2.214971318675235,7.2549669220284825,-5.114216320487571,9.32120128741798,-0.9603284851294926,-0.2786919576746815,0.0
2.232412037719922,8.36482788738623,-6.505531554132167,9.434925069210236,-0.969476481290564,-0.24503498701167892,0.0
2.249852756764609,7.942612955967134,-6.938373432069799,10.315881582844975,-0.9774651666944291,-0.21108302888988656,0.0
2.2672934758092955,7.923126311631039,-5.468649949287335,9.505210362181119,-0.9841959821638118,-0.1768595811646119,0.0
2.2847341948539825,7.43723295392461,-5.479944384704952,9.568387892862612,-0.9897548728291705,-0.14242744694855633,0.0
2.3021749138986696,6.989600398691723,-6.6726743332241085,9.637482064904418,-0.9941355928836536,-0.10782555205952453,0.0
2.319615632943356,7.87693512509773,-6.982238862570619,9.651991110167982,-0.9973177991610408,-0.07309188901125357,0.0
2.337056351988043,7.303429240537419,-7.072734290555769,9.847990374787981,-0.999226045237815,-0.03826522732032896,0.0
2.35449707103273,6.834145163626273,-6.800702347851271,9.932197126130305,-0.9999447440145223,-0.00339469696441508,0.0
2.3719377900774172,6.006902323216918,-7.208843849897219,9.857466972615416,-0.9994731122854975,0.0314802862090345,0.0
2.389378509122104,6.252693830157296,-7.204601288426447,10.604072333320328,-0.9977868142086445,0.06631862134451699,0.0
2.406819228166791,6.428093949998044,-7.395990616168204,9.497116160682257,-0.9948354803795844,0.10107229212019009,0.0
2.424259947211478,6.336482292961152,-7.12849603529093,9.46368180665931,-0.9907000422773781,0.13570416428535534,0.0
2.4417006662561644,7.367494856139497,-6.910664829594818,10.109595151895917,-0.9853851944337253,0.17017509478568466,0.0
2.4591413853008515,6.385344477816172,-7.414656967801695,9.590635976839764,-0.9788632635159128,0.2044390292344564,0.0
2.4765821043455385,5.880067167913333,-6.926823408541642,10.190795357735547,-0.971109691058999,0.2384449268646515,0.0
2.494022823390225,6.150120602781639,-7.726718571239989,10.41822379217672,-0.9622004171873403,0.2721657213298346,0.0
2.511463542434912,5.393195815106498,-8.491630079696785,9.87298507431872,-0.9521455233011159,0.3055632999099473,0.0
2.528904261479599,5.48248435832938,-8.268372460071156,11.234587625963668,-0.9409150870318305,0.3385849573261767,0.0
2.546344980524286,5.774169554821283,-8.391439833126253,9.634909296339607,-0.9285098549932737,0.37118282309787526,0.0
2.5637856995689727,5.2551709162744435,-7.547337725632004,9.73440916137663,-0.9149997333837788,0.40333781021179865,0.0
2.5812264186136598,5.494019038805462,-8.885002394807952,8.809564436924019,-0.9003999953567338,0.4350135738826662,0.0
2.598667137658347,4.900084585120848,-7.205569679221783,9.959647141972452,-0.8846799592307959,0.46614929246978154,0.0
2.6161078567030334,4.8545800762014295,-8.81430097204978,10.070496962911177,-0.8678639602577554,0.49670620998862886,0.0
2.6335485757477204,3.904657780906483,-8.3483265297439,10.820158091272058,-0.8500153072245916,0.5266710615419571,0.0
2.6509892947924074,4.448349848805887,-8.50695354596723,10.384906959801123,-0.83115416945204,0.55600997366602,0.0
2.668430013837094,4.8934230924887485,-8.19469372284176,10.09868982940769,-0.8112509500926106,0.58465285231338,0.0
2.685870732881781,5.054771619046571,-8.365064881333584,9.886427375433131,-0.7903507129041012,0.6125755353808906,0.0
2.703311451926468,4.445449063618647,-8.442667170349706,9.624603006653986,-0.7685100801478025,0.6397684459573943,0.0
2.7207521709711546,4.520817349983352,-8.971542064096454,9.332610320132009,-0.745753726975201,0.6662008374626062,0.0
2.7381928900158417,4.039874218010857,-9.52805652433516,10.153974788799852,-0.7220552795187951,0.6917925653544434,0.0
2.7556336090605287,4.1003998910614134,-8.664624002009164,10.431096209172836,-0.6974766288351766,0.7165388763704627,0.0
2.7730743281052157,3.6587548172394557,-8.894715076121539,9.49122322281117,-0.6720680751628078,0.7404318591435753,0.0
2.7905150471499023,4.076869001086984,-9.812015553027711,9.317252127591267,-0.6458583219498428,0.7634444890283475,0.0
2.8079557661945893,2.8551088902510817,-9.713240019763997,10.139513408648623,-0.6188265781086644,0.7854862281478524,0.0
2.8253964852392763,2.5204029772246495,-9.721022877471365,9.640346027370146,-0.5910467551346947,0.8065757034273083,0.0
2.842837204283963,3.430751829259263,-10.05996056059656,9.941744013135981,-0.5625636134173836,0.8267048411069211,0.0
2.86027792332865,3.0726180481482133,-8.856123343867935,10.419322810043496,-0.5334093292104765,0.8458508615021035,0.0
2.877718642373337,2.303242044736318,-9.377059340922916,9.522025855276047,-0.5035711934054651,0.8639129699138943,0.0
2.8951593614180235,2.3892849156062135,-9.520795815541286,9.610302904712265,-0.47312958984672315,0.8809361475871111,0.0
2.9126000804627106,2.1882862302314927,-9.421540625753456,10.034607893164246,-0.4421248890479802,0.8969105995052147,0.0
2.9300407995073976,0.678524964733799,-8.915112503094624,9.665963615606367,-0.41059211736946666,0.9118182318238313,0.0
2.9474815185520846,1.4805617836603195,-9.991796021678136,9.152458294204402,-0.3785291964326857,0.9255486382127979,0.0
2.964922237596771,1.7484510353275142,-9.705799599493671,9.512644107790809,-0.3460168819400745,0.9381750076253985,0.0
2.9823629566414582,2.455240542930885,-9.431116013604678,9.2693399813651,-0.31309261015798173,0.9496845980962643,0.0
2.9998036756861453,0.46378835106236327,-9.92734226993819,9.803772076348167,-0.2797913855263305,0.9600568118826459,0.0
3.017244394730832,1.4592618470033272,-9.650481532518054,11.028764555834739,-0.24613084632496854,0.9691954180555347,0.0
3.034685113775519,1.0268891013765664,-10.224251649100534,9.332325926565428,-0.21217909268457605,0.9771798363458776,0.0
3.052125832820206,0.7319965379817766,-9.094220793848828,10.024814562162344,-0.1779745096509603,0.9840010769782056,0.0
3.0695665518648925,1.3293369031563897,-9.84801848673095,9.872788582864542,-0.1435532742029123,0.9896342110104296,0.0
3.0870072709095795,1.4120587785015264,-9.692642054040318,9.306642975443335,-0.10894935911578256,0.9940051088854402,0.0
3.1044479899542665,0.9963846674900454,-10.22842981155573,10.246906765613666,-0.07421738397691852,0.9971925601751378,0.0
3.121888708998953,0.10700120520086169,-9.948097970883639,9.405747030137636,-0.03939660991031985,0.999192989215281,0.0
3.13932942804364,0.16485990266339717,-10.220283920572367,9.507703281722224,-0.0045263067767091734,0.999977244326006,0.0
3.156770147088327,0.27910692170843554,-10.69044004633417,9.03023757601366,0.030349101439728535,0.99949560711399,0.0
3.174210866133014,-0.12037828625743446,-10.253906322157274,9.6449829742791,0.06518693335501488,0.9978242119226552,0.0
3.1916515851777008,-0.28783602891387305,-10.055690406254165,9.82348104623911,0.0999478115967252,0.9949649663795733,0.0
3.209092304222388,-0.27189507966633125,-9.483873969288602,10.087166491680943,0.13458748638010076,0.9908850576255915,0.0
3.226533023267075,0.32504237861943663,-9.316660759060817,9.939076898251729,0.1690572391490525,0.9855602739318321,0.0
3.2439737423117614,-0.6578318152381616,-9.920559813899663,9.881502454839985,0.20332450888030784,0.9790624903962033,0.0
3.2614144613564484,-0.19132505471817118,-10.005516068507093,10.320552169591927,0.23735056403007224,0.9713990610059446,0.0
3.2788551804011354,-1.359184759281852,-9.82358436166324,9.282749708480655,0.2710844100364207,0.962534515563243,0.0
3.296295899445822,-0.9177449562129527,-9.801399482768776,9.792592385145548,0.30447923982255715,0.9524700063770776,0.0
3.313736618490509,-2.129415735748274,-9.767368500625016,10.112760001959654,0.33751060686667755,0.9412719999576717,0.0
3.331177337535196,-2.0849332751876437,-8.476447845680607,9.9090525590204,0.37014117503115934,0.9289531543219929,0.0
3.348618056579883,-2.309198473566072,-8.494709918234781,10.66628190150017,0.4023116483256289,0.9154767613342847,0.0
3.3660587756245697,-2.4308466963127744,-9.977293414923631,9.797858341858424,0.4339831623926085,0.9008679714402255,0.0
3.3834994946692567,-1.9632645144788272,-8.872347391598344,10.008534691070468,0.46513728230511836,0.8851871653542486,0.0
3.4009402137139437,-3.368153087730535,-9.31624849774309,9.590759443448478,0.49573878990485026,0.8684520601496463,0.0
3.4183809327586303,-2.8626867382521723,-8.703655187204566,9.332388483158425,0.5257188197708356,0.8506265027456223,0.0
3.4358216518033173,-2.8139467094594264,-9.674782991745225,10.02489554109663,0.5550520885778224,0.8317571055635269,0.0
3.4532623708480044,-3.8231704720121993,-9.207300671072254,9.527030694223535,0.5837240646997401,0.8118979595007039,0.0
3.470703089892691,-3.1166310853186774,-8.742108561389704,9.572776050906585,0.6117023295439591,0.7910714978103465,0.0
3.488143808937378,-2.6698109797028424,-8.463989019520186,10.337840777346146,0.6389075412353102,0.7692442329369075,0.0
3.505584527982065,-3.551861879910761,-9.149227428014092,10.058826662512924,0.665333037086882,0.7464806224814722,0.0
3.5230252470267516,-3.3578826432609805,-9.219809449668999,10.608985937948937,0.6909661646614133,0.7228287215541872,0.0
3.5404659660714386,-3.6010856256739094,-8.90156048315479,9.121711705619262,0.7157779323422461,0.698315245443525,0.0
3.5579066851161256,-4.029517430029667,-7.98703470956398,9.800774075017495,0.7396780376212719,0.6729117313147366,0.0
3.5753474041608126,-4.02745084389414,-9.517558919843838,9.302154605959567,0.7626826918003122,0.6466959082165518,0.0
3.5927881232054992,-4.784267044488366,-9.34894064954264,9.509663366034323,0.7847792664805678,0.6197104768995081,0.0
3.6102288422501863,-4.906509424193459,-9.140206563627816,9.180262750009046,0.8059427581145332,0.5919859176753869,0.0
3.6276695612948733,-5.450434818229523,-8.810441969264648,9.735763913165695,0.8260718915566793,0.5635013208441416,0.0
3.64511028033956,-5.102642842149059,-9.011159712435049,8.915767648093135,0.8452090552842249,0.5343423105502956,0.0
3.662550999384247,-5.304578336553735,-8.511853788565013,9.909143805781119,0.863340036196138,0.5045472969410638,0.0
3.679991718428934,-5.025970134564728,-8.460912401347445,9.28520673557045,0.8804440110809642,0.4741497784183717,0.0
3.6974324374736205,-5.101702773079063,-6.923043895760543,9.769364276700182,0.8964101023267274,0.44313947917020163,0.0
3.7148731565183075,-5.203163970254512,-7.88491294460314,10.090017677673245,0.9113082181740625,0.411603448936758,0.0
3.7323138755629945,-6.228796789106025,-8.960621074191593,10.03403367460415,0.9251215579351718,0.3795773524234967,0.0
3.749754594607681,-5.6931804815726075,-7.848665125685894,9.584909195314307,0.9378252521127514,0.34709396638138373,0.0
3.767195313652368,-5.976069420255479,-7.9857511049198715,10.507688036624959,0.949325714466705,0.31416551076004484,0.0
3.784636032697055,-5.972065330397585,-7.982316271200661,9.372301273247642,0.9596955298800881,0.2808647773085716,0.0
3.802076751741742,-7.054390011152512,-7.459487259497502,9.446408832239433,0.9689230098531671,0.24722941712611185,0.0
3.819517470786429,-5.947740927220597,-8.264543809763845,10.439386206109965,0.9769788043657026,0.21329333463966124,0.0
3.836958189831116,-7.177685425196854,-7.987758867392631,9.347716457940331,0.983790381964091,0.1790860832299227,0.0
3.854398908875803,-7.2250594871648675,-7.361133357903555,9.42294496950155,0.989430564865423,0.1446672244752175,0.0
3.8718396279204894,-5.740030290248518,-6.524344834433948,9.845411886328305,0.9938930029437406,0.11007566719205956,0.0
3.8892803469651764,-6.434542581994343,-7.470382072868628,9.746241956049792,0.9971438756640308,0.07534837487800855,0.0
3.9067210660098635,-6.098773841544595,-7.113996865144147,10.125145761980768,0.999134351869594,0.04052651138846443,0.0
3.92416178505455,-7.060682194579338,-6.184819231315508,9.937623519663745,0.9999353993175907,0.005657813036781695,0.0
3.941602504099237,-6.787846183635126,-5.887927358282828,9.850403866081876,0.9995461291326146,-0.029218306655841395,0.0
3.959043223143924,-7.21737429408268,-6.491445611349695,9.746274576101435,0.9979287153649351,-0.06405990022851676,0.0
3.976483942188611,-6.471945522775897,-5.817459101238979,9.881822963567673,0.9950594789990257,-0.09882026427583418,0.0
3.9939246612332977,-7.756385198808069,-5.425864126757989,9.543505677064815,0.991005843032921,-0.13346178354709895,0.0
4.011365380277985,-6.655579906792649,-6.214774529288906,9.048121698501022,0.9857723970322074,-0.16794530259399443,0.0
4.028806099322671,-8.510490792147284,-7.39492324872354,10.069308002294164,0.9793182245723403,-0.202222061087536,0.0
4.046246818367359,-7.770424133161744,-6.508046484581289,9.597612561661563,0.9716450188354822,-0.23624601313541302,0.0
4.063687537412045,-8.145531835274475,-6.43923732741406,10.175704330505893,0.9628154082336451,-0.2699877460250299,0.0
4.081128256456732,-8.270773937608318,-5.996408092509431,9.897627666328521,0.9528393719451047,-0.3034091201630461,0.0
4.098568975501419,-8.841907099794664,-5.949746737759141,10.4310671733569,0.9416742465269698,-0.33645291707362157,0.0
4.116009694546106,-8.151770440748834,-5.606088381785417,9.896713924513895,0.9293460860825793,-0.3690798469337719,0.0
4.133450413590793,-8.40785746389536,-5.703770558818296,10.023941265783218,0.9159119381798354,-0.40126665620874424,0.0
4.15089113263548,-8.560242466677527,-4.9949544226952565,9.915923453341643,0.9013869784816643,-0.4329769592831154,0.0
4.168331851680167,-9.287271711289948,-5.440087112667452,9.709882338101831,0.8857285315895136,-0.46414370094174745,0.0
4.185772570724853,-8.831054986787793,-5.014188830382613,9.392238895830118,0.8689848088473515,-0.49474012643845605,0.0
4.203213289769541,-7.8046285463769065,-4.2459562654442795,9.206251509119454,0.8512069610798534,-0.5247470644516665,0.0
4.220654008814227,-8.559981489529461,-4.951534150550477,9.49396710252871,0.8324150667439915,-0.5541305875243795,0.0
4.238094727858914,-8.28368406226857,-4.829566731667465,9.95140526261515,0.8125685135871308,-0.5828127676580284,0.0
4.255535446903601,-8.969768567873857,-3.721252578080315,9.475122818494699,0.7917343503762779,-0.6107846335189366,0.0
4.272976165948288,-9.648762932038114,-4.5342404696693634,9.666191262331584,0.7699579761718586,-0.6380290756177078,0.0
4.290416884992975,-9.157139306337678,-3.4452814821687774,10.103987927255682,0.7472639836547202,-0.6645152812673427,0.0
4.307857604037662,-9.088650385585822,-3.2956257475421524,9.950725096751986,0.7236161739881349,-0.6901538224125359,0.0
4.3252983230823485,-9.677934736498699,-3.984893276158926,10.573383437596762,0.6990961088714801,-0.7149580336417127,0.0
4.342739042127036,-8.37391762885184,-3.3869726920999708,9.324519424335481,0.6737440161980858,-0.7389109899108242,0.0
4.360179761171723,-8.803772145334056,-4.19771594686899,9.121676177431164,0.6475885269418719,-0.7619855896393796,0.0
4.377620480216409,-9.379416516220292,-2.628605418128324,9.635689098607669,0.6206004046909054,-0.7840807406010271,0.0
4.395061199261097,-9.186593328913414,-2.551855100350916,9.1288367018814,0.5928705384830865,-0.8052357064319507,0.0
4.412501918305783,-9.390605991930924,-2.543108156465661,9.51891008277316,0.5644349611541317,-0.8254320921655414,0.0
4.42994263735047,-9.562060377579638,-2.8332633676150025,9.747052005618983,0.535324559845359,-0.8446450937277322,0.0
4.447383356395157,-8.887428030929314,-2.850792722019793,8.931872151267157,0.5055234065507741,-0.8627681087963556,0.0
4.464824075439844,-9.378579185622383,-2.799446185940775,10.259144138310802,0.47512215853211714,-0.8798630925313026,0.0
4.48226479448453,-9.56800651600402,-3.208671634159323,10.432040393842538,0.44415519962822997,-0.8959107580422526,0.0
4.499705513529218,-8.701522591684892,-2.1301166052775065,10.028776842125833,0.41265265335210033,-0.910882185297773,0.0
4.5171462325739045,-10.375972254538254,-1.740983571764176,9.325139344505297,0.3806217766680089,-0.9246866988890103,0.0
4.534586951618591,-10.058518528964713,-0.6682699643047152,9.15954618394911,0.3481394309570804,-0.9373897921138693,0.0
4.5520276706632785,-9.364825541484219,-1.721863497598005,9.629425717826445,0.315242343890924,-0.9489771365740268,0.0
4.569468389707965,-9.991656744994957,-1.89798523017283,10.677285979749227,0.28196170521980035,-0.9594151674259662,0.0
4.586909108752652,-9.942732493063478,-1.0055662998924104,10.567041381349467,0.24832304066877564,-0.9686331860437507,0.0
4.604349827797339,-8.917793160644788,-1.0636496056438036,8.99542987530139,0.21439028570243635,-0.9766977524131643,0.0
4.621790546842026,-9.994039394613994,-0.04504189871798492,10.461673878011668,0.1802018010189174,-0.9835997739058945,0.0
4.639231265886712,-9.897370733048168,-1.1171888118935014,9.924817616904672,0.14579178070305296,-0.9893009512123304,0.0
4.6566719849314,-10.215088000527784,-0.14100703569816597,9.755823102368058,0.11119847472391786,-0.9937535329819328,0.0
4.674112703976086,-9.427294964668828,-0.43787267271424324,9.993800338379824,0.0764741583400739,-0.9970229964807388,0.0
4.691553423020774,-9.736066714015092,0.08349076970055574,9.675937584655204,0.04165808287034896,-0.9991056608049619,0.0
4.70899414206546,-9.574933222001842,0.14968999273596828,9.636686112255228,0.0067894052710083495,-0.9999588580864965,0.0
4.726434861110147,-10.2001340663217,0.4434534503565034,10.345205459475661,-0.028086865852632897,-0.9995595861833252,0.0
4.7438755801548345,-9.277347521385572,0.05251544752205045,9.663824542378785,-0.06292852800730135,-0.9979704709095867,0.0
4.761316299199521,-8.677787341989347,0.10363827491629718,8.961927489710764,-0.09769619889262762,-0.9951933143125049,0.0
4.778757018244208,-10.10958639799082,1.3984155143449275,9.594621760280658,-0.13234386944702226,-0.9911819017796016,0.0
4.796197737288895,-10.158208737902758,0.3652519458349212,9.524947372668336,-0.16682594030374617,-0.9859385615149854,0.0
4.813638456333582,-10.266926656560104,0.6719425433634263,10.616832618857856,-0.2011084547064824,-0.9795217239736501,0.0
4.831079175378268,-9.953939885885827,1.342436467703341,9.643063286388337,-0.23515266154619444,-0.9719386392742081,0.0
4.848519894422956,-9.580374230563299,1.0749854635428324,10.824827906738017,-0.2689039686555591,-0.9631408079557432,0.0
4.865960613467642,-9.131181198514213,2.066740282129632,9.85605047930468,-0.3023223318963367,-0.9531552349748447,0.0
4.883401332512329,-9.712374056614564,1.1338713423920226,10.291520114626916,-0.33538006129551595,-0.9420352649603352,0.0
4.900842051557016,-10.01307530026029,1.070095996802578,8.992096654664694,-0.36803978689329303,-0.929793455791521,0.0
4.918282770601703,-9.817504664989313,2.2164805844649713,10.402206293042868,-0.40023684601134746,-0.9163806934471137,0.0
4.9357234896463895,-9.119663271068125,1.204658055705453,9.938823533387113,-0.43194265077574867,-0.9018467959988501,0.0
4.953164208691077,-9.07631223865429,2.5195652091798553,9.339834280832102,-0.4631337375684212,-0.8862395976984828,0.0
4.970604927735764,-9.24962531602571,2.175133245775004,10.812126192089057,-0.4937748408094421,-0.8695767211593294,0.0
4.98804564678045,-9.472921184535926,3.6479208342344394,9.485475765461725,-0.5237900626142235,-0.8518104696822779,0.0
5.005486365825138,-9.382469142802158,2.294527486026458,9.950150426409428,-0.5531677118449599,-0.8330104633681523,0.0
5.022927084869824,-9.252283854174681,3.4081742659975816,9.69462364056726,-0.5818865397923584,-0.8132190636460694,0.0
5.040367803914511,-8.038067322007542,3.575562479137946,10.254405052476594,-0.6099140677646362,-0.7924586168232723,0.0
5.057808522959198,-8.738668093503241,2.308498923880408,10.00541728183096,-0.6371623910269519,-0.7706851762861818,0.0
5.075249242003885,-9.490976746898978,2.7919376060112535,9.98088167441718,-0.6636414931135705,-0.7479841043961448,0.0
5.092689961048572,-9.497472121511024,3.807551742884436,10.09977982408733,-0.6893304454644266,-0.7243927696336001,0.0
5.110130680093259,-8.380026589126667,3.764127781940465,9.988382067757609,-0.714200184854498,-0.6999378095453754,0.0
5.1275713991379455,-9.197860366342121,3.999384004779417,9.714323973035853,-0.7381504803669023,-0.6745815882159147,0.0
5.145012118182633,-9.324652584328284,4.869734214297051,8.815117629537184,-0.7612169230953062,-0.6484202340411545,0.0
5.1624528372273195,-9.160782937860708,5.084259182177037,9.591755156683861,-0.7833772088454963,-0.6214870097455218,0.0
5.179893556272006,-9.070169561616067,5.036093262158502,9.819001438558349,-0.8046028261163697,-0.5938098011298841,0.0
5.197334275316694,-9.232532232491485,4.924990590515255,10.295146545051956,-0.8247916756304458,-0.5653675705083592,0.0
5.21477499436138,-8.43832393525922,5.310845825303198,9.63864888012777,-0.8439976074548466,-0.5362538992372763,0.0
5.232215713406067,-8.467015558917423,4.68789357151582,9.894112030647008,-0.862198945562061,-0.5065017172514699,0.0
5.249656432450754,-9.101191828538843,4.829988324504216,9.042292686795232,-0.8793629791444143,-0.4761380900592598,0.0
5.267097151495441,-8.054719160607045,6.144378681801773,10.007032102152431,-0.8954021591506078,-0.44516577621477127,0.0
5.284537870540127,-8.26059114041836,6.0656511421122685,9.297209991695057,-0.9103746840178651,-0.4136650725632235,0.0
5.301978589584815,-7.897243291046924,5.535892729884212,10.26610960872432,-0.9242636575602206,-0.38167159851514604,0.0
5.319419308629501,-8.419787816835514,6.045137102549004,9.456875645577643,-0.9370315465929218,-0.34921340549012925,0.0
5.336860027674188,-8.77126036603081,5.888225035053712,9.788237924266268,-0.9486096729975393,-0.3163123930219901,0.0
5.3543007467188755,-7.551922662183809,5.4071219446937375,9.605551383585386,-0.9590580899285315,-0.2830362860683015,0.0
5.371741465763562,-7.327769001618242,6.367802104174988,10.524322270976825,-0.9683650080162564,-0.24942270415646633,0.0
5.389182184808249,-8.052049418909474,6.920038837534994,10.587199022471342,-0.9764878812992774,-0.21550262493983785,0.0
5.406622903852936,-7.824373927982521,6.328439003100973,9.778085207517966,-0.9833801864428474,-0.18131174027462235,0.0
5.424063622897623,-7.425643327001605,7.370722159421853,10.391360880479015,-0.9891016333270051,-0.14690632857214064,0.0
5.441504341942309,-7.433128025572805,5.737622275247311,9.535288352188354,-0.9936457675451047,-0.11232528141407981,0.0
5.458945060986997,-8.141812357544573,6.244658000759645,10.376505791792532,-0.9969652944535028,-0.07760449045118097,0.0
5.476385780031683,-6.668763440938756,6.412714605955939,10.786319206268956,-0.9990379902765752,-0.04278759874738545,0.0
5.493826499076371,-6.898018776691372,6.9858293108493505,9.211501592236663,-0.999921382315367,-0.007920906253336177,0.0
5.511267218121057,-5.6853723792679025,6.48189525633254,8.988456550288117,-0.9996144760302628,0.026956176072624582,0.0
5.528707937165744,-7.511729989618779,6.80717776572154,10.34372186586912,-0.9980659526395234,0.061800897032336426,0.0
5.546148656210431,-6.03045499260439,7.525399635459669,9.982838238497894,-0.9952788275028557,0.09656778099485118,0.0
5.563589375255118,-6.237659689310194,7.111429822866999,9.390312336167264,-0.991307013844537,0.13121877464481926,0.0
5.581030094299805,-6.520479882214449,7.7268038240813715,10.265028479867409,-0.9861549962365779,0.16571471037500654,0.0
5.598470813344492,-5.898111914740765,8.006224005278872,10.73499136940551,-0.9797686065065587,0.20000416398762658,0.0
5.615911532389179,-5.73450967374065,6.911482897398957,9.07167123108702,-0.9721758052648634,0.2340460007035057,0.0
5.633352251433865,-5.022843551721206,8.085159010225206,8.938812645564962,-0.9634259019635457,0.26780850378276055,0.0
5.650792970478553,-6.293948174611682,7.7950541311309465,9.84667028495457,-0.953528773499055,0.30125350698772935,0.0
5.668233689523239,-5.249594085557585,8.468650252936282,9.699172565713596,-0.9424290009344004,0.3343193191076356,0.0
5.685674408567926,-5.726208885986128,8.11369118692822,9.92777396358213,-0.9301779731319924,0.3669751502218788,0.0
5.703115127612613,-3.960276524662471,7.468086737850697,9.134380444876172,-0.9168198659675171,0.3991936211947367,0.0
5.7205558466573,-4.758194788667888,8.452776414855402,10.666636914313191,-0.9023697575222265,0.4309383057990273,0.0
5.7379965657019865,-4.183965626015694,8.30304544038894,9.537992684482699,-0.8867729587768655,0.4621359533104948,0.0
5.755437284746674,-3.70859883623877,8.101986583680654,10.115316615428815,-0.8701015953962034,0.49277173403978214,0.0
5.7728780037913605,-4.131699063390124,8.932494514462242,10.745867465037078,-0.852394641620218,0.522820608948894,0.0
5.790318722836047,-5.278331005129398,8.167486054472565,8.904942337538328,-0.833672084921383,0.5522485967911472,0.0
5.807759441880735,-3.9890495555728105,7.7988286530171775,10.18491649333452,-0.8138822726409738,0.5809699705464727,0.0
5.825200160925421,-4.136118849107839,7.791741568185441,9.573128125630822,-0.7931142870008979,0.6089908795216794,0.0
5.842640879970108,-5.3124391811620395,9.105653081141702,9.697773415905925,-0.7714022800392002,0.6362867173930509,0.0
5.860081599014795,-4.406140374899197,8.570879162716905,9.65579789451891,-0.7487707618181972,0.6628266055516412,0.0
5.877522318059482,-3.8572870359420355,9.754911424791588,9.221978093974938,-0.7251736789188021,0.6885118635448226,0.0
5.894963037104169,-3.9801118728615292,8.77177846218457,9.691272117108236,-0.7007123214055893,0.713373851096688,0.0
5.912403756148856,-3.9013047772751324,8.72813747721052,10.343552312000654,-0.67541681626855,0.7373866615723152,0.0
5.929844475193542,-3.024385484335949,8.193989209454458,10.12242656819552,-0.6493116840661883,0.7605183843266857,0.0
5.94728519423823,-3.018373943358368,8.883008435411044,10.550186673588506,-0.622371322718731,0.782671596357744,0.0
5.9647259132829165,-2.4231077678712234,9.12443271732762,9.773282389467376,-0.5946915513783018,0.8038919470529948,0.0
5.982166632327603,-2.4714742083970602,8.822862654375792,9.949500507608807,-0.5663036803553144,0.8241554803363262,0.0
5.9996073513722905,-2.2105111326679525,8.93538565388408,9.35282003979083,-0.5372313364687286,0.8434259910422865,0.0
6.017048070416977,-3.1663092067417677,9.267944243357949,9.279196717026247,-0.5074732488308114,0.8616192215038209,0.0
6.034488789461664,-3.491450543984644,10.318483205882114,10.20760323052477,-0.4771125078265169,0.8787859258766008,0.0
6.051929508506351,-2.548696607550628,10.031926848254214,9.686280844895313,-0.446183445349251,0.8949067252203282,0.0
6.069370227551038,-3.2337028362062896,9.386231138126885,10.22966411420311,-0.41471057276717127,0.9099404030909499,0.0
6.086810946595724,-2.3615610787748342,10.121740875003171,10.528287070904915,-0.38271256994920994,0.9238204424070653,0.0
6.104251665640412,-0.852009614183539,10.274370235788778,9.36358529676025,-0.35026035491491875,0.9366001959484915,0.0
6.121692384685098,-1.4478727597928098,9.27440265059867,9.38488649081346,-0.31739061669869,0.9482652369366441,0.0
6.139133103729785,-1.2373224139687802,9.648677479017987,9.864994363320132,-0.2841306891553157,0.9587690455586978,0.0
6.156573822774472,-1.333496923528298,10.171343659037607,9.59373083474135,-0.2505140668076215,0.9680664300589324,0.0
6.174014541819159,-1.5665761736837482,9.644940131924816,9.465627619655688,-0.2166004796755075,0.9762111041774989,0.0
6.191455260863846,-0.8668454253748697,9.770798441088232,9.714067881832642,-0.18242826387920144,0.9831938724881011,0.0
6.208895979908533,0.07538240955028153,9.193210866256193,9.220793196801404,-0.14802958811756714,0.988963071600264,0.0
6.22633669895322,-0.9382457774612536,9.484749523054887,10.413109146903631,-0.1134470636510887,0.9934973144907684,0.0
6.243777417997906,-0.5095743183804934,9.158598283764853,9.856188196762613,-0.07873057915057857,0.9968487738205927,0.0
6.261218137042594,1.0014901754482675,9.46334215643395,9.086502657920699,-0.04391937589407682,0.999013663468676,0.0
6.27865885608728,0.43800483487697783,9.422202198359882,8.575690632073842,-0.009052454979971102,0.9999357996984878,0.0
6.296099575131968,-0.07833451374528977,10.238688728193457,9.500393689152919,0.02582450515486196,0.9996188945630591,0.0
6.313540294176654,-0.48407066578994473,9.749830309657806,10.254309268833756,0.060669823826858524,0.9981120670998697,0.0
6.330981013221341,0.46734912938393786,10.651540481155255,9.999867241172593,0.0954441140441406,0.9954170137650455,0.0
6.348421732266028,0.2245846378618967,10.135474371125278,9.62472564458309,0.1300996500493246,0.9914741125395328,0.0
6.365862451310715,0.6095036313835834,9.61552322637391,9.170336687908039,0.16459386699581946,0.9863122413670682,0.0
6.3833031703554015,-0.017201169324853383,9.541763261632099,9.651253348382271,0.1988914551402287,0.9799763818301797,0.0
6.400743889400089,1.064599410945388,10.581802410250988,9.92298796439769,0.23295364404090302,0.9724736801352911,0.0
6.418184608444776,1.33464680615291,9.864467445179491,10.66206961001673,0.2667222853072198,0.9637425960417835,0.0
6.435625327489462,1.056846428632464,8.784043972488687,9.961477420771947,0.3001640152550274,0.9538360086330394,0.0
6.45306604653415,1.367458088826667,9.706861299772077,9.268625789266116,0.3332479422032611,0.9427941305268768,0.0
6.470506765578836,2.827807983101063,9.276992821119057,9.453885019832853,0.36593666259422775,0.9306294193894205,0.0
6.487947484623523,2.075852919517929,9.927321976102482,10.03105708870868,0.3981601864415619,0.9172803381574213,0.0
6.50538820366821,2.3588540050405484,9.648169555154952,10.679007376420383,0.42990012365619545,0.9028214052634859,0.0
6.522828922712897,1.7105715863075597,9.293227474889042,8.974222039819757,0.4611280218590235,0.887287892663678,0.0
6.540269641757583,3.15429269724188,9.22055304920905,9.320458146840739,0.49180856826011593,0.8706973284053218,0.0
6.557710360802271,2.1045494172719112,8.413826599203718,9.488894526510688,0.5218588691245224,0.8529904497077423,0.0
6.5751510798469575,2.402811615002177,9.564426290159698,9.523548368457558,0.5512807521165856,0.8342599277062862,0.0
6.592591798891644,3.1522425398329674,9.43219719679188,9.23684330874949,0.5800462887857004,0.8145363731327722,0.0
6.6100325179363315,2.742797860375435,9.10315519942974,9.397938450168796,0.6081229405357086,0.7938420452140527,0.0
6.627473236981018,3.070153682586361,8.285547396999572,9.194100121907534,0.6354142729079924,0.7721225109444598,0.0
6.644913956025705,3.4228204091487595,9.689199272809926,10.42294428454027,0.6619468490105601,0.7494840905793495,0.0
6.662354675070392,4.0345553606586435,8.921772775826954,9.347701696792269,0.6876914981894268,0.7259534397564236,0.0
6.679795394115079,3.2999909360193467,9.397343505655138,9.142544391038644,0.712613251412956,0.7015513790142197,0.0
6.697236113159766,4.2705651660311785,8.795212112539156,9.957054586598904,0.7366194814880612,0.6762482850012391,0.0
6.714676832204453,4.681494562599419,8.967035531191417,8.770032935587889,0.7597475975670899,0.6501415300225756,0.0
6.732117551249139,3.730892510195723,8.864744690872643,10.34196102127778,0.7819714840881787,0.6232606471947661,0.0
6.749558270293827,4.593552623191821,8.71413848922849,10.377571498505635,0.8032517724580662,0.5956254711798432,0.0
6.766998989338513,5.088544450373042,8.379469746695209,10.123552564060477,0.8235076114649463,0.5672311702412893,0.0
6.7844397083832,4.8844452412440775,8.448201197088787,9.113308136730321,0.8427822154531269,0.5381629830396505,0.0
6.8018804274278875,4.708677987755143,7.908966455159211,10.089438982822411,0.861053820255716,0.5084537811747588,0.0
6.819321146472574,4.932536073968972,7.820304662715849,9.515457622108276,0.8782778479367476,0.4781241594969097,0.0
6.836761865517261,3.673503870980565,8.410809501991041,10.154400301979145,0.8943900361467831,0.44718998517538905,0.0
6.854202584561948,5.414466197079596,8.530296563574229,10.07023086971487,0.9094368952363473,0.4157247650993426,0.0
6.871643303606635,5.703822738302463,7.80571659319177,9.992458730224394,0.9234014336230634,0.3837640731707018,0.0
6.889084022651321,5.80878211987162,7.201171443303329,8.861766365095525,0.9362334694552662,0.35133119523498185,0.0
6.906524741696009,5.504435124147237,8.418405769675367,9.989613737870526,0.947889201603142,0.31845778975624184,0.0
6.923965460740695,5.418798060452761,7.472939126501557,8.837793251536958,0.9584161678474378,0.28520647518093994,0.0
6.941406179785382,6.605874493120763,8.011442106730577,9.892079175209883,0.9678024780196274,0.25161483923896044,0.0
6.958846898830069,6.128267797674974,8.51711680779162,9.998196432611422,0.975992399498632,0.21771089087021395,0.0
6.976287617874756,6.309064884220862,7.990468320507221,10.435005803714526,0.9829653972655699,0.1835365433093275,0.0
6.9937283369194425,6.138085835178473,8.260072662480843,9.219038741960285,0.9887680795390552,0.14914475019351262,0.0
7.01116905596413,6.157718931529605,6.6796620045796935,10.086213101303358,0.9933938876706528,0.1145743856361782,0.0
7.028609775008817,7.404151884129313,7.388136602252585,9.71064229375895,0.996782056270489,0.0798602266184368,0.0
7.046050494053503,7.157108410636454,7.661936972581047,9.58870499672963,0.9989369608554596,0.04504848026333734,0.0
7.063491213098191,6.699812989804332,6.285697459267259,9.192270331617593,0.9999026930596597,0.0101839674718693,0.0
7.080931932142877,7.1859707347492,6.657276875870326,9.456867664921765,0.999678152685283,-0.02469390359708223,0.0
7.098372651187564,7.575083441365968,7.139167822433326,9.686622441536075,0.9981985254965411,-0.05954162088266837,0.0
7.115813370232251,7.231209940787035,5.695787644837853,9.519195186216287,0.995493525011249,-0.09431485137716837,0.0
7.133254089276938,7.28942310057912,6.471742413393902,9.169436751173384,0.9916035534896933,-0.12897514663876766,0.0
7.150694808321625,7.5703381035253114,6.2744254686015255,10.008227518143991,0.9865329904833289,-0.1634833271364459,0.0
7.168135527366312,6.722301145842767,5.854285747717427,10.063138283475654,0.9802144075162562,-0.19778534689771562,0.0
7.1855762464109985,7.517728468842536,5.953061320479276,10.325628340246315,0.9727020482079557,-0.23184489845749764,0.0
7.203016965455686,7.403640361712238,6.456830735888951,9.258374919511674,0.9640318959040176,-0.26562800340456116,0.0
7.2204576845003725,7.419991709688375,5.590000937832529,10.179487757334641,0.9542137251596139,-0.2990964690860017,0.0
7.237898403545059,7.704408629100822,5.787375319257182,8.89499289721358,0.9431793472205285,-0.33218417205264666,0.0
7.255339122589747,8.289476074618245,5.085071920302161,10.335773977300665,0.9310055127846996,-0.3648687414659927,0.0
7.272779841634433,8.280989078897028,5.7158851426022,10.561407267740961,0.9177235130715574,-0.3971187135408701,0.0
7.29022056067912,8.36040639278353,5.7602379421794865,9.965403743021394,0.9033483284899093,-0.4288976216569236,0.0
7.307661279723807,7.79408309005319,5.006971798166012,9.165918378020555,0.8878132365871618,-0.4601260576936301,0.0
7.325101998768494,9.021935344723225,6.400329805354426,9.458814754115096,0.8712143153953643,-0.4908010407457216,0.0
7.34254271781318,8.341279450905267,5.3982906926220755,10.541823074159982,0.8535783440398751,-0.5208917028109863,0.0
7.359983436857868,8.260992012848558,4.29209842826193,9.582813375212295,0.8349246657596556,-0.5503636444205232,0.0
7.377424155902554,9.207125119743798,4.305974135240672,9.390492748534744,0.8151922219584102,-0.5791244684311234,0.0
7.394864874947241,8.896625475711192,4.832602030694937,9.613008364033586,0.794490517204844,-0.6071942806363986,0.0
7.4123055939919285,9.227398378220597,4.2186761030850635,9.839341043644398,0.7728429859072324,-0.6345413783152869,0.0
7.429746313036615,9.360111262511458,3.845872236365335,10.045491413438091,0.750266445669857,-0.6611281046675823,0.0
7.447187032081302,9.71072401202203,3.577380982823904,10.117017168469966,0.7267277880283403,-0.6868666953931336,0.0
7.464627751125989,9.008807408163246,4.119385873050143,9.941468965999672,0.702325259908951,-0.7117863351354354,0.0
7.482068470170676,9.12487003490485,4.2631422697496575,9.748946869134935,0.6770864686088075,-0.735858880277238,0.0
7.499509189215362,8.594870790984205,3.8349051739097817,9.729981276641093,0.6510271333312965,-0.759042161831766,0.0
7.51694990826005,9.265349176975535,2.581162230981218,10.675407662246363,0.6241393250455327,-0.7812588011196678,0.0
7.534390627304736,9.48569860437974,3.946728160493225,10.413779160356713,0.596509786463714,-0.8025444307183992,0.0
7.551831346349424,8.931916678249651,3.4091373705148222,9.580179958340178,0.5681697634647275,-0.8228750107658247,0.0
7.56927206539411,9.479244632392748,2.1695341642076,9.167262000045504,0.5391355863258787,-0.8422029580973299,0.0
7.586712784438797,8.648102636867206,2.1897919799796344,10.038498569930574,0.509420712374236,-0.8604663126865597,0.0
7.604153503483484,8.746567818434563,2.613692964475121,9.837715045638237,0.4791006296887481,-0.8777046519729768,0.0
7.621594222528171,8.739595127708375,2.1498168404646516,9.793808706274188,0.44820961801145215,-0.8938985050829384,0.0
7.639034941572858,9.921003049318571,2.9827703305841395,9.91563512757884,0.41676653748835923,-0.9089943769938844,0.0
7.656475660617545,9.769944339726104,2.322628727207046,9.589239233076539,0.3848015678337858,-0.9229498722751104,0.0
7.673916379662232,9.760708945468982,2.091683737886538,10.770340142115947,0.35237964524475474,-0.9358062223163794,0.0
7.691357098706918,9.893486950727825,1.5101556027979135,9.65819027151303,0.31953741989826195,-0.9475489020456771,0.0
7.708797817751606,9.68799611153316,1.5660135672578899,10.270913276276396,0.2862983285768554,-0.9581184489106702,0.0
7.726238536796292,9.5769673150256,1.7343743612661235,10.282510080703231,0.2527039158925562,-0.9674951523986633,0.0
7.743679255840979,9.049209004382657,0.17565737290533034,9.440787111307497,0.21880966567445767,-0.9757198936009639,0.0
7.761119974885666,10.256832137370663,1.4065380153168043,9.731831043875115,0.18465388923477183,-0.9827833743486203,0.0
7.778560693930353,9.735426540546863,0.602416002109683,10.377715705370644,0.15026668740942997,-0.9886205735583792,0.0
7.7960014129750395,9.150712504900673,-0.009165180038628318,8.589609896937143,0.11569511681452779,-0.9932364544541442,0.0
7.813442132019727,9.69995556080852,0.05746817045601388,10.569122059371132,0.08098663729281409,-0.9966698928934683,0.0
7.8308828510644135,9.52370425907444,0.7479007074616517,9.834077700851926,0.04618047984596865,-0.9989169975607705,0.0
7.8483235701091,9.705811536787879,-0.10197725556516211,10.312753030070951,0.011315446761867864,-0.999908069273447,0.0
7.865764289153788,9.921982015028627,-0.21169962272901202,9.41464370564518,-0.023562028485790976,-0.9996735320196699,0.0
7.883205008198474,9.334107444021727,0.3088650513201138,9.458983574301403,-0.05841082993774842,-0.9982489999153261,0.0
7.900645727243161,9.829431357828483,0.06723256302703806,9.749570375887439,-0.0931915661470623,-0.9956360638151801,0.0
7.918086446287848,9.930663696884247,-0.9047140781041816,10.357635433996462,-0.12785483725508257,-0.9917616887419981,0.0
7.935527165332535,8.456710948357099,-1.7399633972989106,9.932839353463905,-0.1623610282429596,-0.986681311983396,0.0
7.952967884377222,10.460446387907911,-0.9036466431551967,9.672238605166022,-0.1966735191360489,-0.9804264621219465,0.0
7.970408603421909,9.260019414216096,-1.7617904781361218,9.589221194844896,-0.2307535203928013,-0.9730041814088031,0.0
7.987849322466595,9.763841450915429,-1.5183343529494235,9.779883574251258,-0.26453936880891793,-0.9643398774058201,0.0
8.005290041511282,9.280946782882914,-0.7579157938438307,9.757327606596167,-0.29800429861869315,-0.9545123246051705,0.0
8.02273076055597,9.80794261980871,-2.634181515293467,10.02915367161164,-0.33111425820014934,-0.9435485935837578,0.0
8.040171479600657,9.842751277316554,-1.517915519437003,10.120677630480358,-0.36383181062216424,-0.9314610417194596,0.0
8.057612198645343,9.74895005272319,-1.2829455422626492,8.904017987113647,-0.39608167801119726,-0.9181756918446357,0.0
8.07505291769003,8.954557307335902,-1.0723916606623172,9.327643783768787,-0.42785558928626144,-0.9037917952994202,0.0
8.092493636734718,9.004116781872122,-1.0149607136698025,10.154866343265686,-0.45912014327492556,-0.8883320460065601,0.0
8.109934355779403,8.826651883534389,-2.2771231408514883,9.722633718319223,-0.48983869372658306,-0.8718115884083072,0.0
8.12737507482409,9.332512245073861,-1.9216843229732374,10.402638058152329,-0.5199252471102845,-0.8541664380670537,0.0
8.144815793868778,9.234460118870246,-3.048968597527451,9.626883689913898,-0.5493912170162715,-0.8355054935317541,0.0
8.162256512913464,9.974925100841595,-2.919560527580813,9.76630228365514,-0.5782033191075335,-0.8158498826305898,0.0
8.179697231958151,9.823735940184818,-2.9837905251631196,9.487055639472743,-0.6063216064582135,-0.7952121514952276,0.0
8.197137951002839,9.79830316897199,-3.9892759114096727,10.557107592917937,-0.6336631939482789,-0.7735562311151534,0.0
8.214578670047525,9.26355573414947,-3.062581117252678,9.780120938877236,-0.6602491116239427,-0.7509805749719028,0.0
8.232019389092212,10.030154415436973,-3.4657836154205195,10.028732119167094,-0.6860493294490397,-0.7275107256094738,0.0
8.2494601081369,9.286082959696259,-3.7909063846868,9.660877817498402,-0.7110192705324453,-0.7031579963783837,0.0
8.266900827181585,8.256237558673543,-4.296563279184825,10.134904457478912,-0.7350850471779513,-0.6779118149455937,0.0
8.284341546226273,8.149941637414585,-4.48257940963828,9.899636759263954,-0.7582747211507139,-0.6518597892068333,0.0
8.30178226527096,9.104257953851771,-4.919650045140439,9.843473208501448,-0.7805620978770883,-0.6250313820742628,0.0
8.319222984315646,9.17632558412592,-4.670166907440276,9.87859330037628,-0.8018969772720973,-0.597438342578966,0.0
8.336663703360333,8.859200820222478,-4.157805351497248,9.842811045024062,-0.8222197042559239,-0.5690921125204821,0.0
8.35410442240502,8.560531516802692,-3.9510215023577038,9.609777644007394,-0.8415628841872849,-0.5400695542443048,0.0
8.371545141449706,8.593827405508735,-5.338878908572277,9.876494246318337,-0.8599046648908286,-0.5104034808181064,0.0
8.388985860494394,9.51877520579352,-4.802378788791457,10.333129825335552,-0.8771886218603501,-0.4801079787186441,0.0
8.406426579539081,8.417458482220631,-5.811325445821876,9.143488085765641,-0.8933737374121672,-0.4492120978790346,0.0
8.423867298583767,8.384303236904733,-5.085638543890245,8.646646127278721,-0.9084948556151352,-0.4177825182233585,0.0
8.441308017628455,8.971449906768706,-5.484292490136236,9.575072077481908,-0.9225348895926723,-0.38585476793146545,0.0
8.458748736673142,7.785796646136144,-6.213348686597089,9.338726844068159,-0.9354310239427736,-0.3534473270680223,0.0
8.476189455717828,7.563729985647367,-4.188285248337474,9.460050744350454,-0.9471643032016664,-0.32060169229867025,0.0
8.493630174762515,7.82458824106573,-5.213901586331031,9.77816760051707,-0.9577697662259906,-0.2873753358784274,0.0
8.511070893807203,8.187340912100566,-6.292297539828374,9.914020274884322,-0.9672354221198172,-0.2538058135140508,0.0
8.52851161285189,7.313278280952205,-5.35278887819455,8.676327517781871,-0.9754923609840889,-0.21991812351440057,0.0
8.545952331896576,7.843231172481901,-5.358540979266758,9.78664631949878,-0.9825460161147239,-0.18576048334781894,0.0
8.563393050941263,7.394751224645566,-6.340871749663361,10.093047506348142,-0.9884299048437974,-0.15138248029603654,0.0
8.58083376998595,7.310626196462007,-5.895247329620249,9.998765247668455,-0.9931373643204605,-0.1168229707708157,0.0
8.598274489030636,7.131423337111475,-6.945179255570833,8.98207536327256,-0.9965941618732332,-0.08211557426886572,0.0
8.615715208075324,7.129934339863268,-6.827198892481382,9.587592767516773,-0.9988312640202005,-0.04730914680333348,0.0
8.633155927120011,7.027592201478489,-6.001029495204054,9.288187381949735,-0.9998793316195465,-0.012446987550276092,0.0
8.650596646164697,6.711480719941712,-6.393913825933381,8.999557785131154,-0.9997371588217773,0.022431498367461545,0.0
8.668037365209385,6.702677614554759,-6.8429896413978,9.647208538810899,-0.9983264334173615,0.05728208090719301,0.0
8.685478084254072,6.1751256125517715,-6.735194377651797,10.073013114136387,-0.9957035706615704,0.09206148452435955,0.0
8.702918803298758,5.418500992756758,-7.586436341722196,10.114452491205586,-0.9918954607629731,0.12673090859149466,0.0
8.720359522343445,6.818094694572246,-6.809592445022506,9.577340327050118,-0.98690637822597,0.16125116188897798,0.0
8.737800241388133,6.261517649123167,-7.796975912432601,10.49927964331327,-0.9806556258160548,0.19556561878417786,0.0
8.755240960432818,6.383997092447592,-7.0617933334488,10.65216725764033,-0.9732237455423669,0.22964271528997904,0.0
8.772681679477506,5.474514280425391,-6.990034773887674,9.592630989683862,-0.9646333875986669,0.2634462536966201,0.0
8.790122398522193,6.437506173888715,-8.1134674992471,10.654421953413065,-0.9548942241398659,0.2969380151651639,0.0
8.807563117566879,5.571797378037057,-8.062777585656349,9.425563444120671,-0.9439252823680601,0.33004748453878924,0.0
8.825003836611566,6.103147493135964,-8.229145258808494,10.437016366487077,-0.9318287016999592,0.3627606291762292,0.0
8.842444555656254,5.221612690155724,-8.602032064487949,9.97525767291039,-0.9186228758325045,0.3950419416251766,0.0
8.85988527470094,5.722450469786967,-8.424916652633044,9.856493710243063,-0.9043185380615937,0.42685295536632584,0.0
8.877325993745627,4.973686399999642,-8.2539954952349,9.783418276719615,-0.8888493608300607,0.45811402221667863,0.0
8.894766712790315,5.585827201671359,-8.334137133559512,8.671045500877039,-0.8723229643509156,0.4888280545178974,0.0
8.912207431835,5.310757698374244,-7.729994527903472,10.368480110948969,-0.8547580635477113,0.5189603538243577,0.0
8.929648150879688,5.179878768867534,-8.501063926100583,8.180939280843285,-0.8361627011857293,0.548469104713115,0.0
8.947088869924375,4.577591076321759,-8.950090637296853,10.440280670169628,-0.8164983562577974,0.5772762687743813,0.0
8.96452958896906,3.8470178497462326,-8.560521950122311,10.02077489024662,-0.7958630354286995,0.6053948441208872,0.0
8.981970308013748,4.461773651172445,-8.408962760816326,8.674355851440053,-0.7742800879466533,0.6327930654273033,0.0
8.999411027058436,3.7273218291996577,-8.60099303127819,9.835348554055436,-0.7517561663377743,0.659424366967895,0.0
9.016851746103121,3.95148358448232,-9.83490865082604,9.762699264911362,-0.7282784950468549,0.6852183246111487,0.0
9.034292465147809,3.5860847989099933,-8.945227928093166,9.98715623199918,-0.7039349178651093,0.7101954921703266,0.0
9.051733184192496,4.180646231822556,-8.836040748278977,10.07353605358648,-0.6787529664650876,0.7343276521875554,0.0
9.069173903237182,3.956392380263839,-9.29024849173371,9.868465540326484,-0.6527395261035016,0.7575624053142864,0.0
9.08661462228187,3.8732852311139094,-9.437740668090523,9.883359458370819,-0.6259044045354843,0.7798423606019527,0.0
9.104055341326557,3.500162317060557,-9.271529476211256,8.450045638953815,-0.5983252363929615,0.80119316287001,0.0
9.121496060371243,2.227328707044158,-10.249532764258086,10.048711605025874,-0.570033202935903,0.8215906886148492,0.0
9.13893677941593,2.371098214272825,-9.372072622023168,9.189636618552358,-0.5410373017358321,0.840975999851348,0.0
9.156377498460618,2.2158319889723215,-9.259138680113981,10.573402217701167,-0.5113657893185093,0.8593093870096998,0.0
9.173818217505303,1.527666993528186,-9.448747710106908,10.317618937966145,-0.4810865160858741,0.8766192751855801,0.0
9.19125893654999,2.02752126320773,-9.824498504866982,8.978183640861337,-0.45023370942288354,0.8928861016890666,0.0
9.208699655594678,1.951214583462785,-9.279243594678245,10.568780157592636,-0.4188205392187262,0.9080441108464566,0.0
9.226140374639364,1.645986730778965,-9.235933027043911,10.095432773897665,-0.38688876188588556,0.9220749920172309,0.0
9.243581093684051,0.8521491769312712,-9.15280604121736,9.397052485453969,-0.3544972933837823,0.9350078744208304,0.0
9.261021812728739,1.8093658265227943,-10.257362235884381,9.030442391199243,-0.3216827448120343,0.9468281347790863,0.0
9.278462531773425,1.1781165143039847,-9.689515580936439,9.864946103105696,-0.28846461473339763,0.957463380128243,0.0
9.295903250818112,0.6990657595279942,-9.871423073160488,9.97064051652326,-0.25489257907898394,0.9669193553772385,0.0
9.3133439698628,1.2690694019459896,-10.351019922207186,9.768371500436842,-0.22101783477367418,0.9752241226625056,0.0
9.330784688907485,0.731597032611383,-10.306364086726687,10.488933625745968,-0.1868786680916699,0.9823682811282392,0.0
9.348225407952173,0.7026262846542967,-9.136585085219878,9.819499854683775,-0.1525030695442513,0.9882734584878922,0.0
9.36566612699686,0.2998463527445953,-9.72787170497288,9.176241722437942,-0.11794262513345508,0.9929709539314125,0.0
9.383106846041548,0.4202787249136054,-9.439008079961637,10.247160706165193,-0.08324232365249883,0.996486354415352,0.0
9.400547565086233,0.265537829841817,-10.624378613353484,9.541198908770928,-0.048441385591168014,0.9988156634528483,0.0
9.41798828413092,0.5324683855969276,-9.831291258102377,9.71059148387388,-0.013578371475203792,0.9998756669401097,0.0
9.435429003175608,-0.25874234827538123,-8.46311011452621,9.701887566405006,0.021299444985224472,0.9997234983369002,0.0
9.452869722220294,0.06040379859718309,-9.460648180502101,10.444937800767534,0.056151555465111566,0.9983812687950143,0.0
9.470310441264981,-0.36775001772435056,-10.369400343288268,9.704769667142838,0.0909385642989268,0.9958504635580753,0.0
9.487751160309669,-1.025451909295712,-9.434868478030971,10.024963040296356,0.12560944013455116,0.9920446292407417,0.0
9.505191879354355,-0.6431221539387344,-9.783763729571586,8.963767950531153,0.160127433065677,0.9870457718763217,0.0
9.522632598399042,-1.59769545146662,-9.693477735855272,9.927787606873068,0.19445465565191,0.9808719630220236,0.0
9.54007331744373,-1.3818788897157397,-9.672213426770211,10.63109407782519,0.22855229948461217,0.9735301409311248,0.0
9.557514036488415,-0.7703200859324395,-9.716887940210134,10.52106195607837,0.2623552279827074,0.9649326496489715,0.0
9.574954755533103,-1.4501174766329374,-9.751843224172891,9.254041697590191,0.29584319071256987,0.9551841801612238,0.0
9.59239547457779,-1.8790470763142748,-9.151157343185076,10.019822440553625,0.3289790179022185,0.9442986510737049,0.0
9.609836193622476,-1.957810567041872,-9.536608419203631,10.756754584786755,0.3617228674416431,0.9322822118112304,0.0
9.627276912667163,-2.702502535977478,-10.447358451066322,9.846938718618889,0.39400132912199765,0.9190667509040509,0.0
9.64471763171185,-1.5363843409018851,-9.532995616306833,9.42013460179802,0.42580905592568263,0.9047579621875331,0.0
9.662158350756537,-1.732895429226043,-8.882321863406368,9.923274345597001,0.45711010992212614,0.8893720534991606,0.0
9.679599069801224,-2.1499023407916362,-9.274937122145287,9.394576360384766,0.48786124958347177,0.8729123709973032,0.0
9.697039788845911,-3.2060732148481828,-9.703940037992517,9.705451199809795,0.5179892043890305,0.855338430020009,0.0
9.714480507890597,-2.617620830568958,-8.187553210921736,10.520077670070421,0.5474991141771011,0.8367471558127957,0.0
9.731921226935285,-3.249560692760543,-10.069241538912332,10.173299044439965,0.576357638195687,0.8171595868233362,0.0
9.749361945979972,-2.9152985948817243,-8.759064433148733,9.882074323313013,0.6045166644545408,0.7965774974753752,0.0
9.766802665024658,-3.6100835144399115,-7.843994013997463,9.916215616456793,0.631909161228585,0.7749863310150479,0.0
9.784243384069345,-4.024922781883266,-8.998945931815824,10.257781484361312,0.6585482878112451,0.7524735515275632,0.0
9.801684103114033,-2.6788006109390277,-9.233279564194131,10.112216328925442,0.6844039458678095,0.7290646208920657,0.0
9.819124822158718,-3.2119336003014114,-7.836736616140164,10.081280616267378,0.7094219808665533,0.7047613147438674,0.0
9.836565541203406,-4.027774764754025,-8.828069370927397,8.694995441713255,0.7335471836424731,0.6795721713355677,0.0
9.854006260248093,-3.5745772393671467,-9.665982722930476,10.42923595009406,0.7567982997943549,0.6535750046511672,0.0
9.871446979292779,-4.324876880667902,-8.840089591389553,9.776769588932167,0.7791490558942369,0.6267992072217546,0.0
9.888887698337467,-4.360187974889412,-8.210417254410942,9.699141076288907,0.800538446048178,0.5992484080165005,0.0
9.906328417382154,-5.309802689245075,-8.920109442954427,10.531999523288126,0.8209279592133195,0.570950389833319,0.0
9.92376913642684,-4.810042595688377,-8.315751831902475,9.220963072333218,0.8403396185800971,0.5419736051474168,0.0
9.941209855471527,-4.793924355600495,-8.786530067113778,9.886049765833041,0.8587514840960353,0.5123508082973995,0.0
9.958650574516215,-5.379438259906715,-8.372558365037941,10.373883105315088,0.8760953053327318,0.48208953972012414,0.0
9.9760912935609,-5.454075040543877,-8.127302740044893,9.905730086440647,0.8923532670590995,0.45123210616045195,0.0
9.993532012605588,-4.6403487146001146,-8.939804316869456,10.069882552684774,0.9046015706259687,0.426258135900103,0.0
