time,j1,j2,j3,j4,j5,j6,j7,gripper1,gripper2,imu_ax,imu_ay,imu_az,imu_gx,imu_gy,imu_gz
951.3333333327968,0.00016700293,-0.785875,4.0107683e-05,-2.3551247,9.29385e-05,1.570997,0.786,0.04,0.04,-9.4308815,0.031063679605722427,0.09757729,-2.5051995e-07,-0.0011641276068985462,2.667537e-07
951.3499999994634,0.00016699849,-0.78576016,4.0118433e-05,-2.3552213,9.296359e-05,1.5709941,0.786,0.04,0.04,-9.83442,0.0006241876981221139,0.00911557,7.229196e-07,-0.0022387292701750994,2.319447e-07
951.3666666661301,0.0001669439,-0.7856543,4.0155024e-05,-2.35531,9.291392e-05,1.5709913,0.786,0.04,0.04,-9.832503,0.0005900543765164912,0.00758092,6.0745497e-06,-0.003233186900615692,-4.5671677e-06
951.3833333327967,0.00016675687,-0.785557,4.0260566e-05,-2.355391,9.26812e-05,1.5709884,0.786,0.04,0.039999995,-9.830708,0.000521227833814919,0.006242755,2.1006033e-05,-0.00415524747222662,-1.7226283e-05
951.3999999994634,0.00016631979,-0.7854675,4.049711e-05,-2.3554652,9.207411e-05,1.5709856,0.786,0.04,0.04,-9.829102,0.00040806818287819624,0.005028237,4.9827508e-05,-0.0050160544924438,-4.3764598e-05
951.41666666613,0.00016548282,-0.78538543,4.094316e-05,-2.355532,9.088899e-05,1.570986,0.7860019,0.04,0.04,-9.82754,0.00027065351605415344,0.0039579957,9.672503e-05,-0.005822815932333469,-8.5140986e-05
951.4333333327967,0.00016406727,-0.78531,4.1692285e-05,-2.3555968,8.886939e-05,1.5709869,0.7860038,0.04,0.04,-9.8260355,9.847513865679502e-05,0.0028759572,0.00015670806,-0.006563992705196142,-0.0001451513
951.4499999994633,0.00016186881,-0.78524107,4.285157e-05,-2.355655,8.572299e-05,1.5709878,0.7860064,0.04,0.04,-9.825362,-0.00010401190957054496,0.0019824896,0.00024278162,-0.007286645472049713,-0.00022646715
951.46666666613,0.00015866008,-0.7851781,4.454014e-05,-2.3557076,8.112302e-05,1.5709908,0.7860102,0.04,0.04,-9.824042,-0.0003430561628192663,0.0011911769,0.00035551438,-0.007971369661390781,-0.00033148707
951.4833333327966,0.00015419336,-0.7851209,4.6887926e-05,-2.3557577,7.4706455e-05,1.5709955,0.7860159,0.039999995,0.04,-9.822972,-0.0006180688505992293,0.00045607798,0.0004956496,-0.008623354136943817,-0.0004631482
951.4999999994633,0.00014820283,-0.78506905,5.003423e-05,-2.3558025,6.609762e-05,1.5710018,0.78602356,0.03999999,0.039999995,-9.822314,-0.0009296208154410124,-0.0001800314,0.00066413253,-0.009262016974389553,-0.0006216315
951.5166666661299,0.00014040638,-0.78502214,5.4126634e-05,-2.3558455,5.4890996e-05,1.5710104,0.7860331,0.039999988,0.039999988,-9.821339,-0.0012765226420015097,-0.0007288272,0.00086373586,-0.009878719225525856,-0.0008085975
951.5333333327966,0.00013050826,-0.7849801,5.93202e-05,-2.3558862,4.0660634e-05,1.5710226,0.7860462,0.039999984,0.039999984,-9.820821,-0.0016795166302472353,-0.0012105216,0.0010979935,-0.01049057487398386,-0.0010272006
951.5499999994632,0.000118200485,-0.7849427,6.5776345e-05,-2.3559222,2.2964972e-05,1.5710386,0.78606194,0.039999977,0.039999973,-9.820336,-0.0021174431312829256,-0.0016194166,0.0013621389,-0.0110965296626091,-0.0012769802
951.5666666661299,0.00010316446,-0.78490984,7.366188e-05,-2.3559573,1.3453453e-06,1.5710574,0.7860812,0.039999973,0.03999997,-9.81946,-0.00262197433039546,-0.0019505927,0.0016636967,-0.011684712022542953,-0.0015607649
951.5833333327965,8.507253e-05,-0.7848814,8.314862e-05,-2.3559916,-2.4668652e-05,1.5710803,0.7861045,0.03999997,0.039999966,-9.819199,-0.003177633974701166,-0.0021347357,0.0020010814,-0.012283127754926682,-0.0018786032
951.5999999994632,6.358953e-05,-0.7848571,9.4412135e-05,-2.3560224,-5.55583e-05,1.5711079,0.78613216,0.03999997,0.03999996,-9.818925,-0.0037833782844245434,-0.0022766853,0.0023753806,-0.012889156118035316,-0.0022304137
951.6166666661298,3.8373935e-05,-0.784837,0.00010763123,-2.3560507,-9.181521e-05,1.5711393,0.7861646,0.039999966,0.039999958,-9.81831,-0.004474991001188755,-0.0023573178,0.002787127,-0.01349138468503952,-0.002618577
951.6333333327965,9.079063e-06,-0.7848209,0.00012298775,-2.3560784,-0.00013393685,1.571176,0.78620213,0.03999997,0.03999996,-9.8178835,-0.005225331522524357,-0.0022885897,0.003237312,-0.014100635424256325,-0.003042757
951.6499999994631,-2.4645899e-05,-0.78480905,0.0001406654,-2.3561056,-0.00018242738,1.5712188,0.78624547,0.03999997,0.03999996,-9.817696,-0.006053818389773369,-0.0021644454,0.0037266426,-0.014723836444318295,-0.003503367
951.6666666661298,-6.315488e-05,-0.78480107,0.00016084962,-2.3561325,-0.00023779525,1.5712677,0.786295,0.03999997,0.03999996,-9.817493,-0.006950075738132,-0.0019315507,0.0042546825,-0.015359393320977688,-0.004000714
951.6833333327965,-0.000106803804,-0.784797,0.00018372718,-2.3561592,-0.0003005515,1.5713232,0.7863511,0.03999997,0.039999958,-9.817402,-0.007954445667564869,-0.0016308418,0.004821776,-0.016012070700526237,-0.0045341575
951.6999999994631,-0.00015595015,-0.78479695,0.00020948541,-2.356186,-0.0003712109,1.5713855,0.78641415,0.039999973,0.03999996,-9.817255,-0.009050480090081692,-0.0012160307,0.0054285345,-0.016681160777807236,-0.0051055434
951.7166666661298,-0.000210952,-0.7848009,0.00023831188,-2.356212,-0.0004502873,1.5714552,0.7864848,0.039999973,0.03999996,-9.817192,-0.010238350369036198,-0.0007024614,0.0060752346,-0.017370687797665596,-0.0057140635
951.7333333327964,-0.00027216715,-0.78480875,0.00027039423,-2.3562374,-0.0005382946,1.5715336,0.78656346,0.039999973,0.039999958,-9.817036,-0.011524051427841187,-9.041239e-05,0.0067613344,-0.018076367676258087,-0.0063588317
951.7499999994631,-0.0003399529,-0.78482056,0.00030591988,-2.356263,-0.0006357471,1.5716203,0.7866505,0.039999977,0.03999996,-9.816852,-0.012930689379572868,0.00062106363,0.0074862316,-0.018795790150761604,-0.0070415
951.7666666661297,-0.00041466526,-0.7848363,0.00034507515,-2.3562887,-0.00074315484,1.5717157,0.7867464,0.039999977,0.03999996,-9.81681,-0.014444749802350998,0.0014652307,0.008250942,-0.019535666331648827,-0.00776104
951.7833333327964,-0.00049665826,-0.78485626,0.000388046,-2.3563154,-0.0008610276,1.5718206,0.78685164,0.039999977,0.03999996,-9.816772,-0.016082679852843285,0.0024224764,0.009054895,-0.020298337563872337,-0.008517258
951.799999999463,-0.0005862837,-0.78488046,0.00043501687,-2.356342,-0.0009898697,1.5719352,0.7869667,0.03999998,0.03999996,-9.816791,-0.017843415960669518,0.0035129893,0.009897377,-0.02108289673924446,-0.009309025
951.8166666661297,-0.0006838903,-0.7849088,0.0004861706,-2.3563688,-0.0011301866,1.5720601,0.7870919,0.03999998,0.039999973,-9.8167,-0.019773632287979126,0.004728743,0.0107783275,-0.021886512637138367,-0.010142231
951.8333333327963,-0.0007898247,-0.7849414,0.0005416886,-2.356396,-0.00128247,1.5721958,0.78722787,0.03999998,0.039999966,-9.816621,-0.02176564559340477,0.0060717952,0.011697827,-0.022709527984261513,-0.011005034
951.849999999463,-0.0009044289,-0.7849781,0.0006017504,-2.3564234,-0.0014472129,1.5723426,0.7873749,0.039999984,0.039999966,-9.816604,-0.023947663605213165,0.0075632236,0.012654639,-0.02355385757982731,-0.01190313
951.8666666661296,-0.0010280414,-0.78501934,0.00066653366,-2.356451,-0.0016249048,1.5725011,0.7875336,0.039999984,0.03999997,-9.816579,-0.026296038180589676,0.009172622,0.013648864,-0.024419568479061127,-0.012839806
951.8833333327963,-0.0011609966,-0.7850651,0.0007362141,-2.3564801,-0.0018160233,1.5726713,0.78770417,0.03999998,0.03999996,-9.8164625,-0.028759103268384933,0.010956382,0.014679525,-0.025302952155470848,-0.013807496
951.8999999994629,-0.0013036247,-0.7851154,0.0008109644,-2.3565104,-0.0020210429,1.5728543,0.7878873,0.039999973,0.039999947,-9.81657,-0.03140314668416977,0.012906268,0.015746692,-0.026212478056550026,-0.014809199
951.9166666661296,-0.0014562509,-0.7851705,0.0008909555,-2.3565435,-0.0022404334,1.5730499,0.7880832,0.039999977,0.03999996,-9.816565,-0.034215547144412994,0.014964415,0.01684928,-0.027143467217683792,-0.015849605
951.9333333327962,-0.0016191957,-0.7852301,0.0009763554,-2.356578,-0.0024746526,1.5732589,0.7882923,0.03999998,0.03999996,-9.816847,-0.03720825910568237,0.017232923,0.017986916,-0.028105545789003372,-0.016918791
951.9499999994629,-0.0017927743,-0.78529465,0.0010673293,-2.3566134,-0.0027241537,1.5734812,0.7885151,0.03999999,0.03999999,-9.8169,-0.040395814925432205,0.019600932,0.019159168,-0.029090365394949913,-0.018026182
951.9666666661295,-0.0019772968,-0.785364,0.0011640401,-2.3566494,-0.0029893653,1.5737178,0.78875196,0.039999995,0.04,-9.816885,-0.04370981827378273,0.022166258,0.02036493,-0.03009737841784954,-0.019160539
951.9833333327962,-0.0021730687,-0.7854383,0.0012666477,-2.3566868,-0.0032707243,1.5739689,0.78900313,0.03999999,0.04,-9.816795,-0.047244079411029816,0.024887752,0.021604095,-0.031120818108320236,-0.020326287
951.9999999994628,-0.0023803883,-0.78551775,0.0013753091,-2.3567286,-0.003568702,1.5742348,0.78926915,0.039999984,0.04,-9.816863,-0.05097532272338867,0.02781242,0.02287617,-0.032167948782444,-0.021524351
952.0166666661295,-0.0025995485,-0.78560233,0.0014901783,-2.3567712,-0.003883715,1.5745159,0.7895504,0.039999977,0.04,-9.817228,-0.054894715547561646,0.030903878,0.024180105,-0.033248282968997955,-0.022752294
952.0333333327961,-0.0028308379,-0.78569204,0.0016114062,-2.3568146,-0.004216164,1.5748123,0.78984725,0.039999977,0.04,-9.81719,-0.059009481221437454,0.03415735,0.025514768,-0.03434797376394272,-0.024008784
952.0499999994628,-0.003074538,-0.78578717,0.0017391404,-2.356859,-0.0045664385,1.5751249,0.79016,0.039999977,0.04,-9.817098,-0.06333018094301224,0.037608225,0.026879843,-0.03546576946973801,-0.025293253
952.0666666661294,-0.0033309238,-0.78588784,0.0018735259,-2.3569088,-0.0049349447,1.5754538,0.790489,0.03999998,0.04,-9.817,-0.06787025928497314,0.04126009,0.028274773,-0.03659981116652489,-0.026605884
952.0833333327961,-0.0036002668,-0.7859939,0.0020147043,-2.3569596,-0.005322076,1.5757992,0.79083467,0.03999998,0.04,-9.817481,-0.07263946533203125,0.04512125,0.029698843,-0.03777000680565834,-0.027947543
952.0999999994627,-0.0038828293,-0.78610545,0.0021628137,-2.3570108,-0.0057281954,1.5761616,0.7911972,0.03999998,0.04,-9.817429,-0.07759923487901688,0.049149096,0.031151066,-0.03895878046751022,-0.029314324
952.1166666661294,-0.004178869,-0.78622276,0.0023179883,-2.3570647,-0.006153693,1.5765414,0.79157704,0.03999998,0.04,-9.81722,-0.08280521631240845,0.05339422,0.032631166,-0.04016025364398956,-0.0307081
952.133333332796,-0.0044886363,-0.7863459,0.002480362,-2.3571227,-0.0065989234,1.5769387,0.79197454,0.039999984,0.04,-9.817309,-0.08823346346616745,0.057861995,0.034137487,-0.04138411581516266,-0.032127198
952.1499999994627,-0.004812376,-0.7864749,0.002650061,-2.3571813,-0.007064213,1.5773541,0.79239,0.03999999,0.04,-9.817549,-0.09388748556375504,0.062544264,0.035670064,-0.042636577039957047,-0.03356933
952.1666666661293,-0.005150325,-0.78660965,0.002827211,-2.3572412,-0.007549901,1.5777878,0.7928237,0.03999999,0.04,-9.817333,-0.09973926842212677,0.067418896,0.037227318,-0.04390142112970352,-0.03503651
952.183333332796,-0.0055027185,-0.7867505,0.003011935,-2.3573067,-0.008056361,1.5782399,0.7932759,0.03999999,0.04,-9.817209,-0.10592759400606155,0.07253098,0.03880903,-0.045180730521678925,-0.036527976
952.1999999994626,-0.00586978,-0.7868974,0.003204351,-2.357373,-0.008583906,1.5787107,0.79374695,0.039999995,0.04,-9.817618,-0.11231119930744171,0.077878766,0.04041414,-0.046493906527757645,-0.038042657
952.2166666661293,-0.006251729,-0.7870503,0.0034045738,-2.3574407,-0.009132886,1.5792003,0.79423714,0.039999995,0.04,-9.817403,-0.11899664252996445,0.08344269,0.04204208,-0.047820232808589935,-0.039590202
952.233333332796,-0.0066487794,-0.78720963,0.003612714,-2.357514,-0.009703557,1.5797099,0.79474676,0.04,0.04,-9.817213,-0.12579137086868286,0.08922772,0.043691635,-0.04916084185242653,-0.041145407
952.2499999994626,-0.007061137,-0.78737515,0.0038288813,-2.3575878,-0.010296203,1.5802389,0.7952759,0.04,0.04,-9.817517,-0.13292235136032104,0.095266394,0.04536223,-0.0505291149020195,-0.042721022
952.2666666661293,-0.0074890004,-0.78754693,0.0040531806,-2.3576634,-0.010911134,1.5807877,0.79582494,0.04,0.04,-9.8172245,-0.14031578600406647,0.10152652,0.047053654,-0.05190826579928398,-0.044318218
952.2833333327959,-0.007932564,-0.7877253,0.004285712,-2.3577445,-0.011548623,1.581357,0.79639417,0.04,0.04,-9.817033,-0.14795248210430145,0.10804983,0.048764475,-0.053301867097616196,-0.045934614
952.2999999994626,-0.008392018,-0.7879103,0.004526576,-2.3578265,-0.012208925,1.5819466,0.79698384,0.04,0.04,-9.817249,-0.15586967766284943,0.11481633,0.050494235,-0.05472149699926376,-0.047570724
952.3166666661292,-0.008867537,-0.7881018,0.004775868,-2.3579102,-0.012892326,1.5825568,0.797594,0.04,0.04,-9.816912,-0.1640138030052185,0.12183424,0.052241277,-0.05615038424730301,-0.04922164
952.3333333327959,-0.009359301,-0.7883,0.0050336765,-2.3579996,-0.013599046,1.5831879,0.7982251,0.04,0.04,-9.816604,-0.17245055735111237,0.12911311,0.054005887,-0.057589318603277206,-0.050890267
952.3499999994625,-0.009867472,-0.7885049,0.005300091,-2.3580904,-0.0143293515,1.5838399,0.7988772,0.04,0.04,-9.81684,-0.18116702139377594,0.13665712,0.05578654,-0.05905817076563835,-0.052576635
952.3666666661292,-0.01039222,-0.78871644,0.005575197,-2.3581822,-0.015083479,1.5845133,0.79955065,0.04,0.04,-9.81645,-0.19013042747974396,0.1444419,0.05758294,-0.06053553894162178,-0.054277744
952.3833333327958,-0.010933696,-0.78893495,0.0058590765,-2.3582792,-0.015861649,1.5852083,0.80024546,0.04,0.04,-9.815987,-0.1993805170059204,0.15248697,0.059392996,-0.062018271535634995,-0.055995997
952.3999999994625,-0.011492051,-0.7891602,0.006151809,-2.358378,-0.016664062,1.5859247,0.800962,0.04,0.04,-9.8160515,-0.2088768035173416,0.16084462,0.061218046,-0.06352561712265015,-0.057723887
952.4166666661291,-0.012067426,-0.78939235,0.0064534675,-2.3584824,-0.017490929,1.5866637,0.80170107,0.04,0.04,-9.815563,-0.2186203896999359,0.16942218,0.063055575,-0.06504101306200027,-0.059467465
952.4333333327958,-0.012659956,-0.7896315,0.0067641237,-2.3585882,-0.018342454,1.587424,0.80246156,0.04,0.04,-9.815664,-0.22875240445137024,0.17830253,0.064902045,-0.06658052653074265,-0.061223652
952.4499999994624,-0.013269771,-0.78987795,0.0070838467,-2.358695,-0.01921883,1.5882064,0.8032441,0.04,0.04,-9.815141,-0.2391061633825302,0.18745457,0.066762716,-0.06812912225723267,-0.0629935
952.4666666661291,-0.013897001,-0.79013157,0.007412702,-2.358808,-0.020120207,1.5890113,0.80404896,0.04,0.04,-9.814437,-0.2497134655714035,0.19691221,0.06863411,-0.06967793405056,-0.06477336
952.4833333327957,-0.014541758,-0.7903919,0.0077507515,-2.3589222,-0.021046778,1.5898386,0.80487645,0.04,0.04,-9.814468,-0.2606329619884491,0.20665587,0.070515856,-0.0712539479136467,-0.06656438
952.4999999994624,-0.015204154,-0.79065955,0.008098053,-2.3590386,-0.021998718,1.5906886,0.8057263,0.04,0.04,-9.813812,-0.27183884382247925,0.21663132,0.07240582,-0.07283461838960648,-0.06836972
952.516666666129,-0.015884299,-0.7909342,0.008454664,-2.3591604,-0.02297617,1.5915613,0.80659914,0.04,0.04,-9.813192,-0.28332260251045227,0.22694752,0.07430536,-0.07442151010036469,-0.07018681
952.5333333327957,-0.016582288,-0.7912163,0.008820635,-2.3592827,-0.02397927,1.5924569,0.8074947,0.04,0.04,-9.812969,-0.29505547881126404,0.23753566,0.07621114,-0.07603012770414352,-0.07200926
952.5499999994623,-0.01729822,-0.79150575,0.009196018,-2.3594117,-0.02500816,1.5933756,0.80841345,0.04,0.04,-9.812058,-0.3070642352104187,0.24844405,0.078124195,-0.07763667404651642,-0.07383757
952.566666666129,-0.018032178,-0.79180264,0.009580858,-2.3595414,-0.026062932,1.5943174,0.8093552,0.04,0.04,-9.811873,-0.31933459639549255,0.25965104,0.08004272,-0.07926822453737259,-0.075663194
952.5833333327956,-0.018784253,-0.79210675,0.009975196,-2.3596752,-0.027143734,1.5952823,0.8103204,0.04,0.04,-9.810871,-0.3319818377494812,0.2711369,0.0819664,-0.08089666813611984,-0.07750622
952.5999999994623,-0.019554513,-0.7924182,0.010379074,-2.3598123,-0.028250659,1.5962709,0.8113088,0.04,0.04,-9.810292,-0.3448374569416046,0.282943,0.083893485,-0.08253982663154602,-0.07934987
952.6166666661289,-0.020343026,-0.79273707,0.01079253,-2.359951,-0.029383792,1.5972825,0.8123206,0.04,0.04,-9.809533,-0.3580116033554077,0.29503706,0.08582478,-0.08419039845466614,-0.08120106
952.6333333327956,-0.02114986,-0.79306334,0.011215599,-2.3600957,-0.030543255,1.5983177,0.8133559,0.04,0.04,-9.808518,-0.3714546263217926,0.30746907,0.08775844,-0.08584431558847427,-0.08305875
952.6499999994622,-0.02197508,-0.793397,0.011648305,-2.3602414,-0.031729136,1.5993767,0.814415,0.04,0.04,-9.807967,-0.3851916491985321,0.32021075,0.08969444,-0.08751726150512695,-0.08492004
952.6666666661289,-0.022818731,-0.79373825,0.012090679,-2.3603923,-0.032941528,1.6004591,0.8154976,0.04,0.04,-9.806719,-0.39913174510002136,0.3332288,0.09163058,-0.08918743580579758,-0.08678493
952.6833333327955,-0.023680858,-0.794087,0.012542749,-2.3605454,-0.03418048,1.6015652,0.81660384,0.04,0.04,-9.805978,-0.413499116897583,0.34662417,0.09356794,-0.09087275713682175,-0.08865568
952.6999999994622,-0.024561511,-0.7944433,0.013004533,-2.360701,-0.035446048,1.6026951,0.81773394,0.04,0.04,-9.804757,-0.4280882179737091,0.36031133,0.09550495,-0.0925598070025444,-0.09053445
952.7166666661288,-0.02546073,-0.794807,0.013476054,-2.3608615,-0.0367383,1.603849,0.81888795,0.04,0.04,-9.803528,-0.44287437200546265,0.37431857,0.09744019,-0.09424922615289688,-0.09240596
952.7333333327955,-0.026378538,-0.7951785,0.013957331,-2.3610234,-0.038057227,1.6050267,0.8200658,0.04,0.04,-9.802552,-0.4579564929008484,0.38865325,0.09937352,-0.0959518626332283,-0.094270945
952.7499999994621,-0.027314957,-0.7955574,0.014448369,-2.3611908,-0.03940291,1.6062284,0.8212675,0.04,0.04,-9.800969,-0.47335317730903625,0.40333417,0.10130408,-0.09764915704727173,-0.09613992
952.7666666661288,-0.02827001,-0.7959438,0.014949184,-2.3613598,-0.040775336,1.6074538,0.8224931,0.04,0.04,-9.799902,-0.48904332518577576,0.41832748,0.10323166,-0.09936139732599258,-0.09801043
952.7833333327955,-0.029243713,-0.79633784,0.015459781,-2.3615324,-0.042174585,1.6087034,0.8237425,0.04,0.04,-9.798253,-0.5049766302108765,0.4336396,0.10515519,-0.1010708138346672,-0.09988199
952.7999999994621,-0.030236065,-0.7967394,0.015980164,-2.3617089,-0.043600623,1.6099766,0.825016,0.04,0.04,-9.79675,-0.5211702585220337,0.44931296,0.10707396,-0.1027846410870552,-0.101750135
952.8166666661288,-0.031247083,-0.7971486,0.016510334,-2.3618877,-0.045053486,1.6112742,0.82631344,0.04,0.04,-9.795205,-0.5376471877098083,0.4653187,0.108987145,-0.10450481623411179,-0.10361687
952.8333333327954,-0.03227676,-0.7975653,0.017050292,-2.3620715,-0.046533186,1.6125954,0.8276349,0.04,0.04,-9.793401,-0.5544426441192627,0.48164338,0.1108937,-0.10622280091047287,-0.10549213
952.849999999462,-0.033325095,-0.79798967,0.017600039,-2.3622572,-0.04803968,1.6139407,0.82898015,0.04,0.04,-9.791846,-0.5713732838630676,0.49834174,0.112793654,-0.1079532653093338,-0.10735093
952.8666666661287,-0.03439207,-0.7984215,0.018159565,-2.3624465,-0.049572945,1.6153097,0.8303493,0.04,0.04,-9.78974,-0.5886282920837402,0.51535016,0.11468586,-0.10967721045017242,-0.10920663
952.8833333327954,-0.035477675,-0.7988608,0.01872886,-2.3626394,-0.05113295,1.6167027,0.8317424,0.04,0.04,-9.787807,-0.6061305999755859,0.53270996,0.11657003,-0.11140546947717667,-0.11105605
952.899999999462,-0.03658187,-0.79930764,0.019307915,-2.362835,-0.052719694,1.6181195,0.83315945,0.04,0.04,-9.785782,-0.623924732208252,0.5504108,0.11844528,-0.11313742399215698,-0.112903826
952.9166666661287,-0.037704643,-0.7997621,0.019896718,-2.3630347,-0.054333102,1.6195604,0.8346001,0.04,0.04,-9.783454,-0.6418759226799011,0.5684405,0.12031018,-0.11486626416444778,-0.11474529
952.9333333327953,-0.03884596,-0.800224,0.020495255,-2.363237,-0.05597315,1.6210243,0.8360648,0.04,0.04,-9.781293,-0.6602047085762024,0.5868635,0.1221662,-0.11659832298755646,-0.11657951
952.949999999462,-0.040005784,-0.80069345,0.0211035,-2.363443,-0.05763979,1.6225114,0.8375531,0.04,0.04,-9.778845,-0.6787222623825073,0.605612,0.12400987,-0.11833254247903824,-0.1184076
952.9666666661286,-0.04118408,-0.8011704,0.021721428,-2.3636522,-0.059333004,1.6240236,0.839065,0.04,0.04,-9.776376,-0.6975429654121399,0.62472785,0.12584275,-0.12006998807191849,-0.12023917
952.9833333327953,-0.04238079,-0.80165476,0.022349019,-2.3638644,-0.06105266,1.6255592,0.84060067,0.04,0.04,-9.773692,-0.71647709608078,0.64412653,0.1276633,-0.12180009484291077,-0.12205182
952.9999999994619,-0.043595873,-0.8021466,0.022986244,-2.3640807,-0.0627987,1.6271182,0.84216,0.04,0.04,-9.770931,-0.7357045412063599,0.6639292,0.12947057,-0.1235295981168747,-0.12385572
953.0166666661286,-0.044829246,-0.8026458,0.023633076,-2.3642993,-0.06457104,1.6287013,0.8437429,0.04,0.04,-9.768116,-0.7551769018173218,0.68409556,0.13126415,-0.12526081502437592,-0.12565145
953.0333333327952,-0.046080884,-0.80315244,0.024289485,-2.3645215,-0.06636958,1.6303076,0.84534913,0.04,0.04,-9.765,-0.7748609185218811,0.70457673,0.13304266,-0.12698489427566528,-0.12743701
953.0499999994619,-0.047350705,-0.8036664,0.024955431,-2.3647468,-0.06819423,1.6319369,0.8469787,0.04,0.04,-9.761919,-0.7947851419448853,0.7254587,0.13480708,-0.12870970368385315,-0.1292143
953.0666666661285,-0.048638634,-0.80418783,0.025630884,-2.364975,-0.07004495,1.63359,0.8486316,0.04,0.04,-9.758603,-0.814917266368866,0.74667215,0.13655604,-0.13043126463890076,-0.13098133
953.0833333327952,-0.04994462,-0.8047164,0.026315797,-2.3652072,-0.0719216,1.635266,0.85030764,0.04,0.04,-9.755143,-0.835311233997345,0.76824236,0.13828821,-0.1321469098329544,-0.13274539
953.0999999994618,-0.051268555,-0.80525243,0.027010143,-2.3654416,-0.07382408,1.6369649,0.8520068,0.04,0.04,-9.751711,-0.8558344841003418,0.7901841,0.1400044,-0.13386458158493042,-0.13448973
953.1166666661285,-0.052610364,-0.8057956,0.027713869,-2.36568,-0.07575221,1.6386869,0.8537288,0.04,0.04,-9.747844,-0.8765870332717896,0.81247395,0.14170292,-0.13557301461696625,-0.13622051
953.1333333327951,-0.053969968,-0.806346,0.02842693,-2.3659213,-0.077705905,1.6404315,0.8554736,0.04,0.04,-9.744162,-0.8975836634635925,0.8351222,0.14338432,-0.13728302717208862,-0.13794038
953.1499999994618,-0.05534729,-0.8069035,0.029149272,-2.3661656,-0.07968501,1.6421988,0.85724115,0.04,0.04,-9.7400675,-0.9187380075454712,0.85812473,0.14504734,-0.13898590207099915,-0.1396457
953.1666666661284,-0.056742214,-0.8074682,0.02988085,-2.3664138,-0.081689395,1.6439887,0.8590313,0.04,0.04,-9.735912,-0.9400708079338074,0.88145584,0.14669153,-0.14068558812141418,-0.14133948
953.1833333327951,-0.058154643,-0.8080401,0.03062161,-2.3666642,-0.08371893,1.6458012,0.860844,0.04,0.04,-9.731692,-0.9617055058479309,0.90519977,0.14831614,-0.1423826664686203,-0.14302363
953.1999999994617,-0.05958446,-0.8086189,0.03137151,-2.3669174,-0.08577349,1.6476362,0.86267895,0.04,0.04,-9.727098,-0.9834375977516174,0.92927563,0.14992024,-0.1440698504447937,-0.14469407
953.2166666661284,-0.061031584,-0.8092048,0.032130484,-2.3671746,-0.0878529,1.6494932,0.864536,0.04,0.04,-9.72239,-1.0053274631500244,0.9536925,0.1515044,-0.14574842154979706,-0.14634521
953.233333332795,-0.062495872,-0.8097975,0.032898474,-2.367434,-0.089956954,1.6513724,0.8664152,0.04,0.04,-9.717721,-1.0274287462234497,0.9785036,0.15306832,-0.1474263221025467,-0.14797969
953.2499999994617,-0.06397725,-0.8103973,0.03367541,-2.3676972,-0.09208553,1.6532735,0.86831623,0.04,0.04,-9.712614,-1.0496869087219238,1.0036203,0.15460977,-0.14909343421459198,-0.14960001
953.2666666661283,-0.06547557,-0.8110036,0.034461234,-2.367963,-0.0942384,1.6551962,0.87023896,0.04,0.04,-9.707505,-1.07211172580719,1.0291522,0.15612972,-0.15075591206550598,-0.15120223
953.283333332795,-0.06699067,-0.8116173,0.03525587,-2.3682318,-0.09641546,1.6571404,0.87218344,0.04,0.04,-9.702162,-1.094720482826233,1.0549748,0.1576274,-0.15241198241710663,-0.15279172
953.2999999994616,-0.06852248,-0.8122373,0.036059268,-2.3685038,-0.09861654,1.6591061,0.8741492,0.04,0.04,-9.69656,-1.1174830198287964,1.0812321,0.15910123,-0.15405818819999695,-0.15436976
953.3166666661283,-0.07007085,-0.81286466,0.03687137,-2.3687785,-0.10084139,1.6610931,0.8761363,0.04,0.04,-9.690899,-1.1403506994247437,1.1077589,0.1605527,-0.15569864213466644,-0.15592574
953.333333332795,-0.07163563,-0.8134982,0.037692066,-2.3690562,-0.10308979,1.6631013,0.8781445,0.04,0.04,-9.684908,-1.1633394956588745,1.1347218,0.16197947,-0.15732650458812714,-0.15745777
953.3499999994616,-0.07321669,-0.81413794,0.03852132,-2.3693368,-0.105361596,1.6651305,0.8801736,0.04,0.04,-9.678851,-1.1865490674972534,1.1619647,0.16338207,-0.1589483618736267,-0.15897812
953.3666666661283,-0.07481388,-0.81478465,0.03935904,-2.3696203,-0.10765652,1.6671801,0.88222337,0.04,0.04,-9.672568,-1.209821105003357,1.1895452,0.16475986,-0.1605621874332428,-0.16047342
953.3833333327949,-0.07642709,-0.8154378,0.040205143,-2.3699064,-0.10997446,1.6692502,0.8842937,0.04,0.04,-9.666012,-1.233267903327942,1.217547,0.16611299,-0.16216588020324707,-0.16195576
953.3999999994616,-0.078056134,-0.81609726,0.041059576,-2.3701954,-0.11231513,1.6713405,0.8863843,0.04,0.04,-9.659276,-1.2567883729934692,1.2458512,0.16744013,-0.16375888884067535,-0.16341491
953.4166666661282,-0.07970087,-0.8167632,0.041922234,-2.370487,-0.114678405,1.6734512,0.8884951,0.04,0.04,-9.652318,-1.280490517616272,1.2744861,0.16874124,-0.16534321010112762,-0.16486922
953.4333333327949,-0.08136112,-0.8174354,0.042793047,-2.3707814,-0.11706397,1.6755818,0.8906258,0.04,0.04,-9.645205,-1.304201602935791,1.303515,0.1700161,-0.1669151782989502,-0.16628674
953.4499999994615,-0.08303674,-0.81811374,0.04367191,-2.371079,-0.11947162,1.6777321,0.89277613,0.04,0.04,-9.637837,-1.3281031847000122,1.3328412,0.17126425,-0.1684756577014923,-0.16768967
953.4666666661282,-0.0847276,-0.81879824,0.04455878,-2.371379,-0.121901095,1.6799021,0.89494586,0.04,0.04,-9.630315,-1.3520581722259521,1.3625376,0.1724858,-0.17002779245376587,-0.1690688
953.4833333327948,-0.0864335,-0.8194888,0.045453526,-2.3716812,-0.12435216,1.6820911,0.8971354,0.04,0.04,-9.622498,-1.3761237859725952,1.3925388,0.17368048,-0.1715664565563202,-0.17042817
953.4999999994615,-0.088154234,-0.8201855,0.046356067,-2.371987,-0.1268246,1.6842993,0.8993441,0.04,0.04,-9.614424,-1.4002598524093628,1.4228969,0.17484497,-0.17309316992759705,-0.1717678
953.5166666661281,-0.08988968,-0.8208881,0.04726633,-2.3722947,-0.12931815,1.6865267,0.9015711,0.04,0.04,-9.606305,-1.4244863986968994,1.4535875,0.17598137,-0.17461121082305908,-0.17308265
953.5333333327948,-0.09163965,-0.8215967,0.048184205,-2.3726053,-0.13183254,1.6887722,0.903817,0.04,0.04,-9.597671,-1.448825478553772,1.4845814,0.17709121,-0.17611163854599,-0.1743882
953.5499999994614,-0.09340399,-0.82231104,0.049109608,-2.3729184,-0.13436751,1.6910365,0.9060811,0.04,0.04,-9.589024,-1.4731183052062988,1.5159433,0.17817119,-0.17760159075260162,-0.17565794
953.5666666661281,-0.095182456,-0.82303107,0.050042447,-2.3732336,-0.13692284,1.6933187,0.90836346,0.04,0.04,-9.580083,-1.4975461959838867,1.5475948,0.17922343,-0.17907823622226715,-0.1769072
953.5833333327947,-0.09697489,-0.82375675,0.050982606,-2.3735518,-0.13949819,1.6956189,0.9106638,0.04,0.04,-9.570804,-1.5220065116882324,1.5795708,0.18024525,-0.18053902685642242,-0.1781337
953.5999999994614,-0.09878112,-0.8244881,0.051929995,-2.373872,-0.14209338,1.6979368,0.91298175,0.04,0.04,-9.561477,-1.5465365648269653,1.6118832,0.181238,-0.18198953568935394,-0.17933667
953.616666666128,-0.10060094,-0.825225,0.05288452,-2.3741946,-0.14470804,1.7002721,0.9153172,0.04,0.04,-9.551724,-1.5710976123809814,1.6444968,0.18220055,-0.18342354893684387,-0.18051787
953.6333333327947,-0.10243419,-0.8259673,0.053846087,-2.3745198,-0.14734197,1.7026244,0.91766983,0.04,0.04,-9.541767,-1.5956782102584839,1.6774112,0.1831328,-0.18484167754650116,-0.18167207
953.6499999994613,-0.104280606,-0.8267149,0.054814562,-2.374847,-0.14999485,1.7049938,0.9200394,0.04,0.04,-9.531617,-1.6203410625457764,1.7106638,0.18403459,-0.18624724447727203,-0.18280908
953.666666666128,-0.10614003,-0.8274677,0.055789873,-2.375177,-0.1526664,1.70738,0.9224257,0.04,0.04,-9.52112,-1.644943118095398,1.7441536,0.1849057,-0.18763622641563416,-0.18392038
953.6833333327946,-0.10801227,-0.8282258,0.05677189,-2.3755093,-0.15535639,1.7097826,0.92482835,0.04,0.04,-9.510544,-1.6696431636810303,1.7780225,0.1857463,-0.18901187181472778,-0.18500462
953.6999999994613,-0.109897055,-0.82898897,0.05776052,-2.375843,-0.15806444,1.7122014,0.9272471,0.04,0.04,-9.499586,-1.6943086385726929,1.8121685,0.18655622,-0.19037136435508728,-0.18606298
953.7166666661279,-0.11179426,-0.82975715,0.058755644,-2.37618,-0.1607902,1.7146362,0.92968184,0.04,0.04,-9.488255,-1.71895170211792,1.84657,0.18733461,-0.19170981645584106,-0.18709329
953.7333333327946,-0.11370362,-0.83053035,0.059757173,-2.376519,-0.1635335,1.7170863,0.9321321,0.04,0.04,-9.476907,-1.7436738014221191,1.881297,0.18808186,-0.1930363029241562,-0.18810269
953.7499999994612,-0.11562497,-0.83130825,0.06076496,-2.3768594,-0.16629396,1.7195518,0.93459785,0.039999995,0.04,-9.465172,-1.7683422565460205,1.9162965,0.18879788,-0.19434687495231628,-0.18908504
953.7666666661279,-0.117558025,-0.83209103,0.06177892,-2.3772023,-0.16907123,1.7220324,0.9370787,0.039999995,0.04,-9.45312,-1.7929692268371582,1.9515523,0.18948133,-0.1956384927034378,-0.19003917
953.7833333327945,-0.11950262,-0.8328785,0.062798925,-2.377547,-0.17186505,1.7245278,0.9395743,0.03999998,0.04,-9.440836,-1.8176301717758179,1.9871026,0.19013299,-0.19691231846809387,-0.19097146
953.7999999994612,-0.121458516,-0.8336703,0.0638249,-2.3778942,-0.17467523,1.7270379,0.9420845,0.03999998,0.04,-9.428293,-1.8422602415084839,2.022917,0.19075263,-0.19816842675209045,-0.19188233
953.8166666661278,-0.12342552,-0.83446693,0.06485664,-2.378243,-0.17750137,1.729562,0.944609,0.039999988,0.04,-9.415559,-1.8668407201766968,2.059,0.19134061,-0.1994093954563141,-0.19276394
953.8333333327945,-0.12540339,-0.83526784,0.065894105,-2.3785934,-0.18034306,1.7321002,0.9471473,0.039999984,0.04,-9.40238,-1.8913334608078003,2.095333,0.19189519,-0.20062795281410217,-0.19361578
953.8499999994611,-0.12739184,-0.83607316,0.06693714,-2.378946,-0.1832,1.734652,0.9496993,0.039999973,0.04,-9.389038,-1.9158198833465576,2.1319177,0.1924182,-0.20182816684246063,-0.19443883
953.8666666661278,-0.12939075,-0.8368826,0.067985654,-2.3793004,-0.18607186,1.7372172,0.95226467,0.03999996,0.04,-9.375407,-1.940273404121399,2.1687722,0.19290923,-0.20300951600074768,-0.19523601
953.8833333327945,-0.13139986,-0.83769614,0.0690395,-2.3796566,-0.18895835,1.7397951,0.9548429,0.039999947,0.04,-9.361475,-1.9646724462509155,2.205838,0.1933673,-0.20417197048664093,-0.19600812
953.8999999994611,-0.13341889,-0.8385137,0.070098564,-2.3800144,-0.19185911,1.7423863,0.957434,0.039999932,0.04,-9.347319,-1.9889929294586182,2.2431715,0.19379383,-0.20531634986400604,-0.19675165
953.9166666661278,-0.13544764,-0.83933514,0.0711627,-2.3803742,-0.19477387,1.7449898,0.9600376,0.03999993,0.04,-9.332816,-2.013237476348877,2.2806742,0.19418752,-0.2064383625984192,-0.19746697
953.9333333327944,-0.13748585,-0.8401605,0.07223184,-2.3807356,-0.19770217,1.7476056,0.9626534,0.039999913,0.04,-9.318082,-2.0374338626861572,2.3184922,0.19454846,-0.2075415700674057,-0.19815567
953.949999999461,-0.13953331,-0.8409895,0.0733058,-2.3810987,-0.20064384,1.7502332,0.96528107,0.039999906,0.04,-9.303066,-2.061558246612549,2.3564901,0.19487691,-0.2086239755153656,-0.19881786
953.9666666661277,-0.14158973,-0.84182215,0.0743845,-2.3814633,-0.20359838,1.7528721,0.96792024,0.039999902,0.04,-9.287792,-2.0855724811553955,2.394703,0.19517295,-0.2096872478723526,-0.19944854
953.9833333327944,-0.1436549,-0.84265846,0.07546778,-2.381829,-0.20656547,1.7555223,0.9705706,0.039999884,0.04,-9.272116,-2.1095011234283447,2.4331143,0.19543637,-0.21072693169116974,-0.200053
953.999999999461,-0.14572862,-0.84349823,0.07655553,-2.3821964,-0.20954476,1.7581834,0.97323185,0.039999865,0.04,-9.25623,-2.1333649158477783,2.4717498,0.19566701,-0.2117466926574707,-0.20063485
954.0166666661277,-0.14781061,-0.8443413,0.077647634,-2.3825655,-0.21253605,1.7608551,0.9759038,0.039999865,0.04,-9.24009,-2.157080888748169,2.5105696,0.19586568,-0.21274405717849731,-0.20118415
954.0333333327943,-0.14990059,-0.8451876,0.078743935,-2.382936,-0.2155388,1.7635373,0.97858584,0.03999985,0.04,-9.223648,-2.180736541748047,2.5495732,0.19603133,-0.213720440864563,-0.20170833
954.049999999461,-0.15199833,-0.8460371,0.079844296,-2.383308,-0.21855274,1.7662292,0.98127794,0.039999854,0.04,-9.206928,-2.2042531967163086,2.5887735,0.19616635,-0.21467405557632446,-0.20220244
954.0666666661276,-0.15410356,-0.8468898,0.08094861,-2.383681,-0.22157747,1.7689308,0.98397976,0.039999843,0.04,-9.189956,-2.227642059326172,2.6281497,0.19626828,-0.2156071662902832,-0.20266418
954.0833333327943,-0.15621608,-0.8477452,0.082056746,-2.3840554,-0.2246126,1.7716417,0.98669094,0.039999835,0.04,-9.172596,-2.2509219646453857,2.6676838,0.19633752,-0.2165144383907318,-0.20309757
954.0999999994609,-0.15833563,-0.84860355,0.083168544,-2.384431,-0.22765777,1.7743617,0.989411,0.03999981,0.04,-9.155074,-2.274125337600708,2.707388,0.19637525,-0.2174025923013687,-0.20350763
954.1166666661276,-0.16046192,-0.8494646,0.08428389,-2.3848076,-0.23071267,1.7770903,0.9921398,0.0399998,0.04,-9.13716,-2.297104835510254,2.7472339,0.19638087,-0.21826346218585968,-0.20388326
954.1333333327942,-0.16259474,-0.8503284,0.08540266,-2.3851852,-0.23377691,1.7798275,0.9948769,0.039999787,0.04,-9.119059,-2.32002854347229,2.7872472,0.19635443,-0.21910350024700165,-0.20423378
954.1499999994609,-0.16473383,-0.85119474,0.086524725,-2.3855643,-0.23685014,1.7825727,0.9976221,0.03999978,0.04,-9.100607,-2.342768907546997,2.8273964,0.19629613,-0.21991732716560364,-0.20455389
954.1666666661275,-0.16687885,-0.8520635,0.087649904,-2.3859446,-0.23993199,1.7853256,1.0003749,0.03999976,0.04,-9.081922,-2.3653931617736816,2.8676639,0.19620642,-0.22070737183094025,-0.2048461
954.1833333327942,-0.16902965,-0.85293436,0.08877812,-2.3863256,-0.24302204,1.7880858,1.0031352,0.039999742,0.04,-9.062981,-2.3878602981567383,2.9081082,0.19608548,-0.22147461771965027,-0.20510942
954.1999999994608,-0.17118587,-0.8538074,0.0899092,-2.3867078,-0.24611998,1.7908531,1.0059026,0.039999727,0.04,-9.0437,-2.410170555114746,2.9486282,0.19593291,-0.22221739590168,-0.20534384
954.2166666661275,-0.17334731,-0.8546826,0.09104298,-2.3870907,-0.24922544,1.7936269,1.0086765,0.03999972,0.04,-9.024235,-2.432339906692505,2.9892788,0.19574963,-0.22293689846992493,-0.20554952
954.2333333327941,-0.1755137,-0.8555598,0.09217937,-2.3874743,-0.252338,1.7964069,1.011457,0.039999705,0.04,-9.004386,-2.4543039798736572,3.0300298,0.19553575,-0.2236303687095642,-0.20572428
954.2499999994608,-0.17768478,-0.856439,0.09331821,-2.3878584,-0.25545716,1.7991933,1.0142431,0.039999682,0.04,-8.984308,-2.4761545658111572,3.0708854,0.19529034,-0.2242998331785202,-0.20587331
954.2666666661274,-0.17986025,-0.8573201,0.094459385,-2.3882432,-0.2585828,1.8019848,1.017035,0.03999967,0.04,-8.963896,-2.497783660888672,3.111824,0.19501507,-0.22494006156921387,-0.20599267
954.2833333327941,-0.18203989,-0.858203,0.09560274,-2.388629,-0.2617143,1.8047822,1.0198323,0.039999653,0.04,-8.943275,-2.5192785263061523,3.1528668,0.19471006,-0.2255561649799347,-0.20608352
954.2999999994607,-0.18422341,-0.8590873,0.09674814,-2.3890157,-0.26485157,1.8075842,1.0226347,0.039999638,0.04,-8.922408,-2.5405969619750977,3.193992,0.19437468,-0.22614546120166779,-0.20614725
954.3166666661274,-0.18641056,-0.85997295,0.097895466,-2.3894033,-0.26799393,1.8103908,1.0254419,0.039999627,0.04,-8.901319,-2.561709403991699,3.2351785,0.19400863,-0.22671200335025787,-0.20617688
954.333333332794,-0.18860106,-0.86086017,0.09904451,-2.3897917,-0.27114117,1.8132019,1.0282531,0.039999608,0.04,-8.87996,-2.582710027694702,3.276418,0.19361453,-0.2272546887397766,-0.20618306
954.3499999994607,-0.19079466,-0.8617486,0.1001952,-2.3901806,-0.27429286,1.8160169,1.0310681,0.039999593,0.04,-8.858291,-2.60343599319458,3.3177233,0.19319145,-0.2277693897485733,-0.20615685
954.3666666661273,-0.1929911,-0.86263806,0.101347335,-2.3905694,-0.27744848,1.8188355,1.0338869,0.03999958,0.04,-8.83636,-2.624013662338257,3.3590586,0.19274095,-0.22825786471366882,-0.20610195
954.383333332794,-0.19519004,-0.86352867,0.10250084,-2.3909588,-0.2806078,1.8216573,1.0367091,0.039999563,0.04,-8.81415,-2.6443986892700195,3.40043,0.19225961,-0.22871991991996765,-0.20602253
954.3999999994606,-0.19739127,-0.8644202,0.10365554,-2.3913481,-0.2837704,1.8244821,1.0395343,0.03999954,0.04,-8.79168,-2.664576292037964,3.441839,0.19175044,-0.22915323078632355,-0.2059135
954.4166666661273,-0.19959448,-0.86531246,0.1048113,-2.391738,-0.28693587,1.8273096,1.0423616,0.03999952,0.04,-8.768969,-2.684567928314209,3.4832437,0.19121192,-0.2295587658882141,-0.20577626
954.433333332794,-0.20179945,-0.8662055,0.10596796,-2.3921278,-0.29010385,1.8301394,1.0451913,0.039999504,0.04,-8.746052,-2.7043418884277344,3.5247073,0.19064859,-0.22993619740009308,-0.20561066
954.4499999994606,-0.20400587,-0.86709917,0.107125424,-2.3925185,-0.293274,1.832971,1.0480235,0.03999948,0.04,-8.722826,-2.723906993865967,3.5661707,0.19005686,-0.2302846759557724,-0.20541722
954.4666666661273,-0.20621353,-0.8679933,0.108283475,-2.3929093,-0.29644582,1.8358041,1.0508564,0.039999478,0.04,-8.699523,-2.7433061599731445,3.6076744,0.18943605,-0.23060990869998932,-0.20519365
954.4833333327939,-0.20842211,-0.86888784,0.10944204,-2.3932998,-0.29961905,1.8386384,1.0536904,0.03999945,0.04,-8.675837,-2.7624671459198,3.6491022,0.18879206,-0.2309059351682663,-0.20494403
954.4999999994606,-0.2106314,-0.86978257,0.11060092,-2.3936903,-0.30279315,1.8414737,1.0565262,0.039999433,0.04,-8.651933,-2.7814064025878906,3.6905472,0.18812212,-0.23117245733737946,-0.20466347
954.5166666661272,-0.21284108,-0.8706775,0.11176001,-2.394081,-0.3059678,1.8443094,1.0593623,0.039999407,0.04,-8.62779,-2.8001527786254883,3.7319555,0.18742128,-0.23141102492809296,-0.20435777
954.5333333327939,-0.2150508,-0.8715725,0.1129192,-2.394472,-0.3091426,1.8471452,1.0621984,0.039999392,0.04,-8.603473,-2.818687915802002,3.7733479,0.18669571,-0.23162147402763367,-0.20402457
954.5499999994605,-0.21726038,-0.87246734,0.11407829,-2.3948627,-0.31231722,1.849981,1.0650343,0.03999937,0.04,-8.578924,-2.837005615234375,3.814721,0.18594623,-0.23180434107780457,-0.20366246
954.5666666661272,-0.21946952,-0.8733622,0.11523715,-2.3952532,-0.31549117,1.8528162,1.0678698,0.039999347,0.04,-8.5541725,-2.8551342487335205,3.856027,0.18517265,-0.23195956647396088,-0.2032771
954.5833333327938,-0.22167796,-0.8742567,0.11639564,-2.3956437,-0.3186641,1.8556503,1.0707034,0.03999933,0.04,-8.529132,-2.872990846633911,3.8972766,0.18437271,-0.23208416998386383,-0.20286448
954.5999999994605,-0.22388543,-0.8751507,0.117553614,-2.3960342,-0.3218357,1.8584831,1.0735359,0.039999317,0.04,-8.503964,-2.8906471729278564,3.93848,0.18355373,-0.23218178749084473,-0.20242393
954.6166666661271,-0.22609174,-0.8760443,0.118710935,-2.3964248,-0.3250055,1.8613148,1.0763675,0.03999929,0.04,-8.478629,-2.9081146717071533,3.9796243,0.18271166,-0.23225335776805878,-0.20195834
954.6333333327938,-0.22829646,-0.87693727,0.11986746,-2.3968146,-0.32817313,1.8641438,1.0791962,0.03999927,0.04,-8.453025,-2.9253246784210205,4.020682,0.18184239,-0.23229439556598663,-0.20146666
954.6499999994604,-0.23049937,-0.87782955,0.121023074,-2.3972042,-0.33133838,1.8669709,1.0820239,0.039999258,0.04,-8.427206,-2.942304849624634,4.0616455,0.18095526,-0.23230722546577454,-0.20094642
954.6666666661271,-0.23270021,-0.8787211,0.12217762,-2.3975933,-0.33450052,1.8697953,1.0848482,0.03999925,0.04,-8.401216,-2.959104537963867,4.102511,0.18003973,-0.23228998482227325,-0.20040007
954.6833333327937,-0.23489872,-0.87961173,0.12333093,-2.397982,-0.33765933,1.8726166,1.0876691,0.039999228,0.04,-8.375035,-2.9756336212158203,4.1433215,0.17910638,-0.23224374651908875,-0.19982979
954.6999999994604,-0.23709466,-0.88050115,0.1244829,-2.3983698,-0.34081447,1.8754348,1.0904874,0.0399992,0.04,-8.348686,-2.991954803466797,4.1840043,0.17815264,-0.23216909170150757,-0.19923507
954.716666666127,-0.23928773,-0.8813895,0.12563334,-2.3987577,-0.34396544,1.8782493,1.0933027,0.039999176,0.04,-8.322129,-3.008007049560547,4.2245507,0.17717507,-0.23206254839897156,-0.1986086
954.7333333327937,-0.24147768,-0.8822765,0.1267821,-2.3991454,-0.34711194,1.8810598,1.0961131,0.039999153,0.04,-8.2955065,-3.0239086151123047,4.2650437,0.17617343,-0.23193013668060303,-0.1979608
954.7499999994603,-0.24366425,-0.88316214,0.12792909,-2.3995318,-0.3502536,1.883866,1.0989187,0.039999135,0.04,-8.268701,-3.039546012878418,4.305384,0.17515743,-0.2317691445350647,-0.19728528
954.766666666127,-0.24584714,-0.8840463,0.12907425,-2.3999176,-0.35339004,1.8866673,1.1017197,0.039999105,0.04,-8.241578,-3.054952383041382,4.3455486,0.1741227,-0.2315763533115387,-0.19659019
954.7833333327936,-0.24802609,-0.8849288,0.13021725,-2.4003024,-0.3565208,1.8894633,1.1045165,0.039999094,0.04,-8.21443,-3.070152759552002,4.3856173,0.17306854,-0.23135551810264587,-0.19586909
954.7999999994603,-0.2502008,-0.8858097,0.13135807,-2.4006865,-0.35964552,1.8922545,1.1073076,0.039999068,0.04,-8.187077,-3.085099458694458,4.4255176,0.17199107,-0.23110538721084595,-0.19512601
954.8166666661269,-0.25237107,-0.8866887,0.13249652,-2.4010694,-0.36276382,1.8950394,1.1100929,0.039999053,0.04,-8.159623,-3.099825620651245,4.465281,0.17089765,-0.23082418739795685,-0.19435693
954.8333333327936,-0.25453654,-0.88756585,0.13363256,-2.401452,-0.36587533,1.8978184,1.1128718,0.039999038,0.04,-8.131993,-3.1143126487731934,4.504887,0.16978581,-0.23051463067531586,-0.1935648
954.8499999994602,-0.256697,-0.88844097,0.13476606,-2.4018338,-0.36897972,1.9005913,1.1156448,0.039999016,0.04,-8.104291,-3.1286327838897705,4.5443397,0.16865969,-0.23017653822898865,-0.1927519
954.8666666661269,-0.25885233,-0.88931406,0.13589665,-2.4022143,-0.37207648,1.9033573,1.1184107,0.039999,0.04,-8.0764475,-3.14267635345459,4.5836167,0.1675144,-0.22980797290802002,-0.19191056
954.8833333327935,-0.26100206,-0.8901848,0.1370244,-2.402594,-0.37516528,1.9061161,1.1211696,0.039998967,0.04,-8.048439,-3.1564552783966064,4.622694,0.1663534,-0.22940966486930847,-0.1910459
954.8999999994602,-0.263146,-0.89105326,0.13814908,-2.402973,-0.37824592,1.9088677,1.123921,0.03999894,0.04,-8.0203905,-3.1701133251190186,4.661621,0.16517745,-0.22898434102535248,-0.19016324
954.9166666661268,-0.265284,-0.8919193,0.13927062,-2.4033508,-0.38131785,1.9116116,1.126665,0.03999892,0.04,-7.9922037,-3.183520793914795,4.700321,0.16398595,-0.22852885723114014,-0.18925829
954.9333333327935,-0.26741573,-0.8927828,0.14038886,-2.4037268,-0.3843808,1.9143473,1.1294006,0.0399989,0.04,-7.963893,-3.196634292602539,4.7388616,0.16277838,-0.22804483771324158,-0.18833156
954.9499999994601,-0.2695408,-0.89364374,0.14150369,-2.4041018,-0.38743433,1.9170744,1.132128,0.039998885,0.04,-7.935408,-3.209538221359253,4.777144,0.16155663,-0.22752900421619415,-0.18738256
954.9666666661268,-0.27165902,-0.8945018,0.14261495,-2.404476,-0.3904781,1.9197928,1.1348468,0.039998867,0.04,-7.9069552,-3.222270965576172,4.8152905,0.16032135,-0.2269861251115799,-0.18641315
954.9833333327934,-0.27377027,-0.895357,0.14372246,-2.4048486,-0.3935117,1.9225023,1.1375561,0.03999885,0.04,-7.8784127,-3.234785795211792,4.8532023,0.15907244,-0.2264157384634018,-0.18542404
954.9999999994601,-0.27587423,-0.8962093,0.14482623,-2.4052198,-0.39653492,1.9252021,1.1402563,0.03999883,0.04,-7.8497334,-3.2470221519470215,4.8908505,0.15781176,-0.2258140593767166,-0.18441187
955.0166666661268,-0.27797058,-0.89705837,0.14592598,-2.40559,-0.39954728,1.9278924,1.1429468,0.039998807,0.04,-7.8210025,-3.2590694427490234,4.928314,0.15653807,-0.22518280148506165,-0.18337537
955.0333333327934,-0.28005916,-0.8979046,0.14702165,-2.405959,-0.4025483,1.9305727,1.1456275,0.039998777,0.04,-7.792286,-3.270942449569702,4.965556,0.15525259,-0.2245255708694458,-0.18232235
955.04999999946,-0.28213966,-0.8987474,0.14811307,-2.4063258,-0.40553787,1.9332426,1.1482975,0.03999875,0.04,-7.7634335,-3.2825796604156494,5.0025754,0.15395507,-0.22384043037891388,-0.18125318
955.0666666661267,-0.28421193,-0.89958686,0.14920016,-2.4066916,-0.4085155,1.9359016,1.150957,0.039998736,0.04,-7.734467,-3.2939562797546387,5.039279,0.152647,-0.2231239229440689,-0.18016301
955.0833333327934,-0.28627568,-0.9004227,0.15028274,-2.4070556,-0.41148084,1.93855,1.1536055,0.039998718,0.04,-7.705581,-3.3051674365997314,5.0758133,0.15132858,-0.22238105535507202,-0.17905357
955.09999999946,-0.28833055,-0.901255,0.15136072,-2.4074183,-0.41443354,1.9411871,1.1562426,0.039998695,0.04,-7.6766214,-3.3161754608154297,5.1120567,0.15000027,-0.221610426902771,-0.17792782
955.1166666661267,-0.29037625,-0.9020837,0.15243395,-2.4077795,-0.4173732,1.9438126,1.158868,0.039998684,0.04,-7.6475883,-3.3269522190093994,5.1480584,0.14866236,-0.22080974280834198,-0.17678264
955.1333333327933,-0.29241276,-0.9029087,0.15350233,-2.408139,-0.42029962,1.9464262,1.1614815,0.039998654,0.04,-7.618581,-3.337536334991455,5.1838117,0.14731768,-0.21998193860054016,-0.17561676
955.14999999946,-0.2944397,-0.90372986,0.15456569,-2.408496,-0.42321238,1.9490274,1.1640826,0.039998632,0.04,-7.5895514,-3.347918748855591,5.2193074,0.14596401,-0.21912738680839539,-0.17443563
955.1666666661266,-0.2964569,-0.90454715,0.15562394,-2.4088514,-0.42611116,1.9516162,1.1666715,0.039998617,0.04,-7.560363,-3.3580591678619385,5.2544584,0.14460081,-0.21823903918266296,-0.17323394
955.1833333327933,-0.29846412,-0.9053604,0.15667696,-2.4092054,-0.42899558,1.9541922,1.1692476,0.039998595,0.04,-7.531307,-3.3680241107940674,5.289431,0.14322996,-0.21732601523399353,-0.17202123
955.1999999994599,-0.30046117,-0.9061694,0.1577246,-2.4095576,-0.43186527,1.9567547,1.1718106,0.039998583,0.04,-7.502289,-3.3778116703033447,5.324128,0.14185198,-0.21638751029968262,-0.17079097
955.2166666661266,-0.30244774,-0.90697426,0.15876678,-2.4099078,-0.43471995,1.9593042,1.1743598,0.03999856,0.04,-7.473221,-3.387373447418213,5.358505,0.14046758,-0.21542297303676605,-0.16954558
955.2333333327932,-0.3044236,-0.9077748,0.15980335,-2.410256,-0.43755937,1.9618399,1.1768956,0.03999854,0.04,-7.4441786,-3.3967771530151367,5.3926153,0.13907894,-0.21443073451519012,-0.1682864
955.2499999994599,-0.30638856,-0.9085707,0.1608342,-2.410602,-0.44038302,1.9643613,1.1794174,0.039998513,0.04,-7.4150896,-3.405910015106201,5.4264064,0.13768187,-0.21340860426425934,-0.1670067
955.2666666661265,-0.3083423,-0.9093624,0.16185923,-2.4109466,-0.44319066,1.9668685,1.1819248,0.039998494,0.04,-7.3861575,-3.4149348735809326,5.459947,0.13628112,-0.21236401796340942,-0.16571285
955.2833333327932,-0.31028467,-0.9101493,0.16287829,-2.411289,-0.44598213,1.9693613,1.1844178,0.039998464,0.04,-7.357152,-3.4237406253814697,5.493185,0.13487566,-0.2112916111946106,-0.16440581
955.2999999994598,-0.3122155,-0.91093165,0.16389124,-2.4116285,-0.448757,1.9718393,1.1868956,0.039998457,0.04,-7.328268,-3.432389259338379,5.526122,0.13346599,-0.21019363403320312,-0.16308515
955.3166666661265,-0.3141346,-0.91170913,0.16489804,-2.4119666,-0.4515149,1.9743022,1.1893584,0.039998434,0.04,-7.299258,-3.4407663345336914,5.558708,0.13205181,-0.20906561613082886,-0.16175161
955.3333333327931,-0.31604165,-0.9124816,0.16589853,-2.4123032,-0.4542555,1.9767494,1.191806,0.039998416,0.04,-7.2705045,-3.449064254760742,5.5910654,0.13063502,-0.20791500806808472,-0.16040617
955.3499999994598,-0.31793645,-0.9132494,0.1668926,-2.4126368,-0.45697862,1.9791813,1.1942378,0.039998397,0.04,-7.2418694,-3.4571869373321533,5.623151,0.12921517,-0.20674480497837067,-0.1590469
955.3666666661264,-0.31981885,-0.9140119,0.16788013,-2.4129682,-0.45968395,1.9815971,1.1966537,0.039998375,0.04,-7.213003,-3.4650115966796875,5.65479,0.1277913,-0.2055409550666809,-0.15767135
955.3833333327931,-0.32168856,-0.91476935,0.16886105,-2.4132974,-0.46237105,1.9839966,1.1990532,0.039998353,0.04,-7.1844325,-3.472776174545288,5.686205,0.1263661,-0.20431557297706604,-0.15628596
955.3999999994597,-0.32354543,-0.91552144,0.16983521,-2.4136248,-0.46503967,1.9863796,1.201436,0.03999833,0.04,-7.1558795,-3.480327844619751,5.717297,0.12494013,-0.20306496322155,-0.15488738
955.4166666661264,-0.3253894,-0.9162686,0.17080258,-2.4139493,-0.46768966,1.9887459,1.2038025,0.03999832,0.04,-7.1275244,-3.487807273864746,5.748109,0.12351482,-0.20179419219493866,-0.15348047
955.433333332793,-0.32722002,-0.91701025,0.17176296,-2.4142718,-0.47032055,1.9910953,1.2061518,0.039998304,0.04,-7.099016,-3.494921922683716,5.7785177,0.12208471,-0.20049554109573364,-0.15206073
955.4499999994597,-0.3290372,-0.9177466,0.17271626,-2.414592,-0.47293216,1.9934272,1.2084839,0.03999828,0.04,-7.070787,-3.5020089149475098,5.8086605,0.12065551,-0.19917456805706024,-0.15063132
955.4666666661263,-0.33084068,-0.91847736,0.17366244,-2.4149096,-0.47552425,1.9957416,1.2107985,0.039998267,0.04,-7.042645,-3.508913278579712,5.83849,0.11922657,-0.197831928730011,-0.14919323
955.483333332793,-0.3326304,-0.9192025,0.1746014,-2.415225,-0.47809637,1.9980383,1.2130955,0.039998244,0.04,-7.0145516,-3.5156264305114746,5.8679404,0.11779743,-0.19646425545215607,-0.14774239
955.4999999994596,-0.33440602,-0.919922,0.17553304,-2.415537,-0.48064837,2.0003173,1.2153745,0.039998222,0.04,-6.9866695,-3.522223472595215,5.897139,0.116368756,-0.19507594406604767,-0.14628056
955.5166666661263,-0.33616745,-0.92063564,0.17645715,-2.4158473,-0.48318,2.0025778,1.2176352,0.0399982,0.04,-6.958706,-3.528623342514038,5.9258833,0.11493952,-0.1936594694852829,-0.1448126
955.533333332793,-0.33791453,-0.92134345,0.17737372,-2.4161546,-0.485691,2.0048196,1.2198772,0.03999819,0.04,-6.9311266,-3.534921169281006,5.954444,0.113513455,-0.19222591817378998,-0.14333476
955.5499999994596,-0.339647,-0.92204535,0.17828265,-2.4164593,-0.48818105,2.0070431,1.2221005,0.039998174,0.04,-6.9035306,-3.541034460067749,5.9825816,0.11208902,-0.19076977670192719,-0.14184976
955.5666666661263,-0.3413647,-0.9227415,0.17918386,-2.4167616,-0.49064985,2.0092478,1.2243052,0.03999816,0.04,-6.8760943,-3.547013998031616,6.0104136,0.11066708,-0.1892920732498169,-0.140358
955.5833333327929,-0.34306753,-0.9234314,0.18007724,-2.4170613,-0.4930973,2.011433,1.2264907,0.03999814,0.04,-6.848868,-3.5528724193573,6.037952,0.10924672,-0.18779410421848297,-0.1388594
955.5999999994596,-0.34475526,-0.9241151,0.18096271,-2.4173584,-0.49552312,2.0135992,1.2286566,0.03999813,0.04,-6.8217235,-3.5585391521453857,6.0650992,0.10782864,-0.18627549707889557,-0.1373518
955.6166666661262,-0.34642774,-0.9247927,0.18184015,-2.4176524,-0.49792695,2.0157454,1.2308029,0.039998103,0.04,-6.7948074,-3.5641260147094727,6.091928,0.106415555,-0.1847357153892517,-0.13583736
955.6333333327929,-0.34808487,-0.92546433,0.18270953,-2.4179442,-0.5003087,2.0178719,1.2329295,0.03999808,0.04,-6.7679615,-3.569504499435425,6.118404,0.105005264,-0.18317677080631256,-0.13431549
955.6499999994595,-0.34972626,-0.92612934,0.18357074,-2.4182324,-0.50266814,2.0199788,1.2350359,0.039998066,0.04,-6.7413673,-3.5747878551483154,6.144607,0.10359814,-0.1815991848707199,-0.1327861
955.6666666661262,-0.35135204,-0.926788,0.18442371,-2.4185183,-0.50500494,2.0220652,1.2371225,0.039998055,0.04,-6.7148952,-3.5799942016601562,6.1703854,0.10219631,-0.17999862134456635,-0.13125172
955.6833333327928,-0.35296193,-0.92744046,0.18526834,-2.4188015,-0.5073189,2.0241306,1.2391884,0.03999804,0.04,-6.6886096,-3.5849878787994385,6.195874,0.10079649,-0.17838317155838013,-0.1297163
955.6999999994595,-0.35455573,-0.928086,0.18610454,-2.4190814,-0.50960976,2.0261755,1.2412341,0.03999803,0.04,-6.662554,-3.589869260787964,6.221059,0.09940372,-0.17675107717514038,-0.12817147
955.7166666661261,-0.3561333,-0.92872536,0.18693227,-2.419359,-0.5118775,2.0282001,1.2432587,0.039998017,0.04,-6.6366444,-3.5946619510650635,6.2458105,0.09801357,-0.17510178685188293,-0.12662558
955.7333333327928,-0.3576945,-0.92935777,0.18775143,-2.4196334,-0.51412153,2.030204,1.2452623,0.039998006,0.04,-6.610937,-3.5993030071258545,6.2703023,0.09663037,-0.1734331250190735,-0.1250738
955.7499999994594,-0.3592393,-0.92998385,0.18856195,-2.4199047,-0.51634204,2.0321863,1.2472445,0.039997984,0.04,-6.5854464,-3.6038553714752197,6.2944155,0.09525274,-0.1717471331357956,-0.12351915
955.7666666661261,-0.36076745,-0.9306031,0.18936376,-2.4201732,-0.51853865,2.0341473,1.2492056,0.039997958,0.04,-6.5600963,-3.608226776123047,6.318196,0.09388153,-0.17004404962062836,-0.12195941
955.7833333327927,-0.3622789,-0.9312157,0.19015683,-2.4204392,-0.5207112,2.0360866,1.2511455,0.039997946,0.04,-6.535022,-3.612536668777466,6.341635,0.092514716,-0.16832499206066132,-0.12039609
955.7999999994594,-0.36377344,-0.9318213,0.19094093,-2.4207017,-0.5228594,2.0380046,1.2530637,0.039997928,0.04,-6.510241,-3.616741418838501,6.3648157,0.09115447,-0.16659362614154816,-0.11882777
955.816666666126,-0.3652511,-0.93242,0.19171622,-2.4209616,-0.52498335,2.0399013,1.2549597,0.03999792,0.04,-6.4855146,-3.6208200454711914,6.387523,0.08979971,-0.16484525799751282,-0.11726338
955.8333333327927,-0.36671153,-0.93301183,0.19248255,-2.4212182,-0.5270827,2.0417757,1.256834,0.03999791,0.04,-6.4610987,-3.62479567527771,6.409961,0.088453494,-0.16308017075061798,-0.11569462
955.8499999994593,-0.36815467,-0.9335968,0.19323975,-2.4214716,-0.5291572,2.0436282,1.2586864,0.039997898,0.04,-6.436899,-3.628660202026367,6.4320617,0.08711308,-0.16130183637142181,-0.11412518
955.866666666126,-0.36958054,-0.9341746,0.19398788,-2.421723,-0.531207,2.045458,1.2605164,0.039997887,0.04,-6.4128885,-3.6324057579040527,6.453809,0.08577835,-0.15950851142406464,-0.11255611
955.8833333327926,-0.3709889,-0.9347453,0.19472684,-2.42197,-0.5332317,2.0472658,1.2623237,0.039997872,0.04,-6.389298,-3.636113166809082,6.4753103,0.08445408,-0.15770862996578217,-0.1109844
955.8999999994593,-0.37237972,-0.9353091,0.19545656,-2.4222143,-0.53523105,2.0490503,1.2641088,0.039997857,0.04,-6.365686,-3.639624834060669,6.4963207,0.08313632,-0.15588928759098053,-0.10941097
955.9166666661259,-0.37375286,-0.9358655,0.19617707,-2.422455,-0.5372051,2.0508122,1.2658709,0.03999784,0.04,-6.34251,-3.6431097984313965,6.517124,0.08182552,-0.15405991673469543,-0.10783297
955.9333333327926,-0.37510833,-0.9364149,0.19688825,-2.422693,-0.53915393,2.0525515,1.2676105,0.03999782,0.04,-6.3194566,-3.6464555263519287,6.537491,0.08052337,-0.1522187441587448,-0.10625844
955.9499999994592,-0.37644592,-0.93695706,0.19759007,-2.422928,-0.5410771,2.054268,1.2693273,0.0399978,0.04,-6.2967243,-3.649728298187256,6.5576043,0.07922867,-0.1503661572933197,-0.1046826
955.9666666661259,-0.3777656,-0.93749183,0.19828252,-2.4231598,-0.5429742,2.0559614,1.2710208,0.039997794,0.04,-6.2742734,-3.6529271602630615,6.5773787,0.077942625,-0.14850395917892456,-0.103107385
955.9833333327925,-0.37906727,-0.9380193,0.1989655,-2.4233885,-0.5448454,2.057632,1.272691,0.03999778,0.04,-6.25204,-3.656034469604492,6.596781,0.07666548,-0.1466311365365982,-0.10153398
955.9999999994592,-0.38035086,-0.9385395,0.199639,-2.4236143,-0.54669064,2.0592794,1.2743382,0.03999777,0.04,-6.2301135,-3.659080743789673,6.615895,0.07539803,-0.1447494477033615,-0.09996526
956.0166666661258,-0.38161623,-0.93905234,0.20030299,-2.4238362,-0.54850984,2.0609038,1.2759622,0.039997764,0.04,-6.2084174,-3.6619975566864014,6.634674,0.07413876,-0.14285798370838165,-0.09839686
956.0333333327925,-0.38286337,-0.9395578,0.20095742,-2.4240553,-0.5503026,2.0625052,1.277563,0.039997756,0.04,-6.1869426,-3.664836883544922,6.6530757,0.072887026,-0.14095494151115417,-0.09683135
956.0499999994591,-0.38409215,-0.9400558,0.2016022,-2.424271,-0.5520693,2.0640829,1.2791398,0.03999775,0.04,-6.1657906,-3.6676177978515625,6.6711955,0.071643926,-0.13904286921024323,-0.095269814
956.0666666661258,-0.38530266,-0.94054645,0.20223743,-2.4244833,-0.55380946,2.065636,1.2806932,0.039997738,0.04,-6.14494,-3.670292854309082,6.689005,0.07041251,-0.13712413609027863,-0.09370859
956.0833333327924,-0.3864947,-0.94102967,0.20286295,-2.4246929,-0.5555231,2.0671654,1.2822232,0.03999772,0.04,-6.12433,-3.672869920730591,6.706482,0.069188334,-0.13520172238349915,-0.09214816
956.0999999994591,-0.38766822,-0.9415053,0.2034788,-2.4248984,-0.55721056,2.0686717,1.2837288,0.039997708,0.04,-6.1041155,-3.675450325012207,6.7236905,0.067973875,-0.13327540457248688,-0.09059104
956.1166666661258,-0.3888232,-0.9419734,0.20408487,-2.425101,-0.55887115,2.0701542,1.2852113,0.03999769,0.04,-6.083962,-3.677877187728882,6.7404194,0.0667716,-0.1313355416059494,-0.08903763
956.1333333327924,-0.38995972,-0.94243395,0.20468119,-2.4253008,-0.5605052,2.0716124,1.2866699,0.039997682,0.04,-6.0642786,-3.680279493331909,6.7569675,0.06557563,-0.12939317524433136,-0.08748805
956.149999999459,-0.39107767,-0.94288707,0.20526783,-2.4254966,-0.56211257,2.073047,1.2881043,0.039997675,0.04,-6.04492,-3.682619094848633,6.7732315,0.06439207,-0.12745116651058197,-0.0859413
956.1666666661257,-0.39217693,-0.94333273,0.20584466,-2.42569,-0.56369305,2.0744576,1.2895149,0.039997663,0.04,-6.0256696,-3.6848669052124023,6.789047,0.06321712,-0.12549836933612823,-0.08439954
956.1833333327924,-0.3932576,-0.9437709,0.20641172,-2.4258797,-0.5652468,2.0758448,1.2909018,0.03999766,0.04,-6.006887,-3.6870815753936768,6.8046885,0.06205357,-0.12354658544063568,-0.082864515
956.199999999459,-0.39431947,-0.9442014,0.20696895,-2.4260657,-0.5667737,2.0772078,1.2922645,0.03999766,0.04,-5.9882827,-3.6891748905181885,6.8199263,0.060898367,-0.12158943712711334,-0.08133343
956.2166666661257,-0.39536273,-0.94462436,0.20751642,-2.4262495,-0.5682737,2.0785463,1.2936035,0.03999765,0.04,-5.9699674,-3.6912360191345215,6.8348365,0.059753984,-0.1196274682879448,-0.07981
956.2333333327923,-0.39638722,-0.94503963,0.20805405,-2.4264283,-0.56974673,2.0798612,1.2949189,0.039997634,0.04,-5.952151,-3.693279981613159,6.8495975,0.058620397,-0.11767204105854034,-0.07828993
956.249999999459,-0.397393,-0.9454473,0.20858184,-2.4266055,-0.5711929,2.0811522,1.2962099,0.039997622,0.04,-5.9342675,-3.6951303482055664,6.8637815,0.057491083,-0.1157047376036644,-0.07677649
956.2666666661256,-0.39838004,-0.9458475,0.20909984,-2.426778,-0.57261235,2.0824192,1.2974762,0.039997615,0.04,-5.9171133,-3.6971004009246826,6.8779716,0.056378216,-0.11374379694461823,-0.075270094
956.2833333327923,-0.39934844,-0.94624007,0.20960806,-2.4269478,-0.5740046,2.0836616,1.2987185,0.03999761,0.04,-5.899894,-3.698864459991455,6.891611,0.055276558,-0.11177714169025421,-0.07377064
956.2999999994589,-0.40029806,-0.94662493,0.21010646,-2.427115,-0.5753701,2.08488,1.299937,0.039997604,0.04,-5.88324,-3.70066237449646,6.9051237,0.054186378,-0.10981546342372894,-0.072276585
956.3166666661256,-0.40122902,-0.94700235,0.21059507,-2.4272773,-0.57670885,2.086075,1.3011324,0.039997596,0.04,-5.866873,-3.7024013996124268,6.918308,0.053107593,-0.10785627365112305,-0.07078669
956.3333333327922,-0.40214133,-0.94737214,0.21107386,-2.4274385,-0.57802063,2.0872464,1.3023028,0.039997593,0.04,-5.850533,-3.703988790512085,6.9310403,0.05203178,-0.10589053481817245,-0.06930661
956.3499999994589,-0.4030349,-0.9477344,0.21154292,-2.427594,-0.5793056,2.088393,1.3034496,0.039997585,0.04,-5.8349543,-3.7057149410247803,6.9437675,0.050975777,-0.10393517464399338,-0.067835286
956.3666666661255,-0.40390992,-0.9480892,0.21200219,-2.4277472,-0.58056384,2.0895157,1.3045728,0.039997578,0.04,-5.819189,-3.707160472869873,6.9558973,0.04992462,-0.10197639465332031,-0.066371106
956.3833333327922,-0.4047664,-0.9484364,0.21245174,-2.427898,-0.58179545,2.0906146,1.3056723,0.039997574,0.04,-5.804122,-3.7087268829345703,6.967992,0.048885994,-0.1000259518623352,-0.06491488
956.3999999994588,-0.4056043,-0.9487762,0.21289153,-2.4280438,-0.5830003,2.09169,1.3067474,0.039997566,0.04,-5.7892723,-3.7102015018463135,6.9797277,0.047858093,-0.09808077663183212,-0.06346583
956.4166666661255,-0.4064238,-0.9491085,0.21332166,-2.428189,-0.58417886,2.092742,1.3077991,0.03999756,0.04,-5.7745533,-3.7115793228149414,6.9910746,0.046840314,-0.09613306075334549,-0.062027056
956.4333333327921,-0.40722483,-0.94943327,0.21374209,-2.4283278,-0.5853306,2.0937698,1.3088272,0.039997548,0.04,-5.7605457,-3.7130637168884277,7.002413,0.045839593,-0.0942004844546318,-0.060596846
956.4499999994588,-0.4080075,-0.9497505,0.21415281,-2.4284658,-0.5864561,2.094774,1.3098315,0.039997537,0.04,-5.7462196,-3.714240074157715,7.013043,0.044840932,-0.09226450324058533,-0.05918078
956.4666666661254,-0.40877187,-0.95006037,0.214554,-2.4285996,-0.58755535,2.0957549,1.3108126,0.039997526,0.04,-5.732869,-3.715646505355835,7.0238404,0.0438603,-0.09034544229507446,-0.057772763
956.4833333327921,-0.40951794,-0.95036286,0.21494564,-2.4287298,-0.58862835,2.0967128,1.31177,0.039997526,0.04,-5.7193947,-3.716836452484131,7.0340877,0.042887773,-0.08842696249485016,-0.05637331
956.4999999994587,-0.41024587,-0.9506581,0.21532771,-2.4288583,-0.5896755,2.0976474,1.3127042,0.03999752,0.04,-5.7063427,-3.7180533409118652,7.044143,0.041928,-0.08651445806026459,-0.054986592
956.5166666661254,-0.41095576,-0.9509459,0.21570034,-2.428981,-0.59069633,2.0985587,1.313615,0.03999751,0.04,-5.6937366,-3.719247341156006,7.054043,0.040981457,-0.08461408317089081,-0.05360758
956.533333332792,-0.41164765,-0.9512263,0.21606353,-2.4291031,-0.59169143,2.0994463,1.3145028,0.03999751,0.04,-5.6811004,-3.7202866077423096,7.0634193,0.04004204,-0.0827161967754364,-0.052241985
956.5499999994587,-0.4123216,-0.95149964,0.21641733,-2.4292226,-0.5926609,2.1003113,1.3153679,0.039997503,0.04,-5.6692643,-3.7214784622192383,7.0728817,0.03911861,-0.08083978295326233,-0.050885048
956.5666666661253,-0.41297784,-0.95176566,0.2167618,-2.4293373,-0.5936045,2.1011539,1.3162103,0.039997503,0.04,-5.6575403,-3.722569704055786,7.081969,0.03820761,-0.07897409051656723,-0.049538776
956.583333332792,-0.4136164,-0.95202464,0.21709697,-2.4294496,-0.59452283,2.1019733,1.3170298,0.0399975,0.04,-5.645852,-3.723513603210449,7.090575,0.03730346,-0.07711191475391388,-0.048209097
956.5999999994586,-0.4142374,-0.9522764,0.21742295,-2.4295568,-0.59541583,2.1027703,1.3178269,0.039997492,0.04,-5.6347537,-3.724514961242676,7.0991664,0.036412623,-0.07526534050703049,-0.046888463
956.6166666661253,-0.41484097,-0.9525211,0.2177398,-2.4296622,-0.59628385,2.1035447,1.3186016,0.039997485,0.04,-5.6236978,-3.725393295288086,7.1073136,0.035529952,-0.07342572510242462,-0.045583807
956.633333332792,-0.41542712,-0.95275867,0.21804753,-2.4297667,-0.597127,2.1042974,1.319354,0.039997477,0.04,-5.6132364,-3.7263545989990234,7.1154294,0.034660645,-0.07160338759422302,-0.044289656
956.6499999994586,-0.4159961,-0.95298946,0.21834625,-2.4298656,-0.59794533,2.1050277,1.3200845,0.039997473,0.04,-5.6032057,-3.7273566722869873,7.123378,0.03380982,-0.06980183720588684,-0.043008156
956.6666666661253,-0.4165481,-0.95321333,0.21863607,-2.4299624,-0.5987392,2.105736,1.3207929,0.039997462,0.04,-5.592975,-3.7280991077423096,7.1307487,0.032963857,-0.06800582259893417,-0.041740905
956.6833333327919,-0.41708323,-0.95343024,0.21891698,-2.4300542,-0.5995089,2.1064224,1.3214797,0.03999746,0.04,-5.5833564,-3.7289350032806396,7.1381063,0.03213191,-0.066227987408638,-0.04048625
956.6999999994586,-0.4176016,-0.95364046,0.2191891,-2.4301443,-0.6002543,2.1070876,1.3221449,0.03999745,0.04,-5.5737953,-3.729637384414673,7.145054,0.031308062,-0.064459890127182,-0.039245464
956.7166666661252,-0.41810337,-0.9538439,0.21945255,-2.430233,-0.600976,2.1077316,1.322789,0.03999745,0.04,-5.564798,-3.7304508686065674,7.1519914,0.030499004,-0.0627119392156601,-0.03802027
956.7333333327919,-0.41858867,-0.9540407,0.21970737,-2.4303167,-0.60167414,2.1083548,1.3234118,0.039997447,0.04,-5.5562134,-3.73128080368042,7.158759,0.029705884,-0.060988686978816986,-0.036808204
956.7499999994585,-0.4190578,-0.9542309,0.21995367,-2.4303987,-0.6023488,2.108957,1.3240137,0.039997444,0.04,-5.547435,-3.731890916824341,7.164974,0.028920693,-0.05927222967147827,-0.035613153
956.7666666661252,-0.41951078,-0.9544148,0.22019151,-2.4304798,-0.6030003,2.1095386,1.3245949,0.039997444,0.04,-5.5393414,-3.73262357711792,7.1712484,0.02815044,-0.05757944658398628,-0.034432948
956.7833333327918,-0.41994795,-0.95459193,0.22042097,-2.4305549,-0.60362893,2.1100993,1.3251561,0.03999744,0.04,-5.5315933,-3.733365535736084,7.1773686,0.027396902,-0.05591442063450813,-0.03326774
956.7999999994585,-0.42036927,-0.954763,0.22064221,-2.4306283,-0.60423493,2.1106405,1.3256967,0.039997436,0.04,-5.523662,-3.7338695526123047,7.1828866,0.026647558,-0.054260335862636566,-0.03212042
956.8166666661251,-0.42077518,-0.9549276,0.2208554,-2.4307015,-0.6048187,2.1111615,1.3262175,0.039997436,0.04,-5.516327,-3.734524965286255,7.1884975,0.025914809,-0.05262714624404907,-0.030990213
956.8333333327918,-0.4211658,-0.95508605,0.22106054,-2.430768,-0.60538054,2.1116624,1.3267189,0.039997436,0.04,-5.509538,-3.7352535724639893,7.194045,0.025201092,-0.051027797162532806,-0.02987487
956.8499999994584,-0.42154133,-0.95523834,0.22125776,-2.4308338,-0.6059208,2.1121447,1.3272008,0.039997432,0.04,-5.502275,-3.735621213912964,7.1988597,0.024489854,-0.049437060952186584,-0.02877779
956.8666666661251,-0.42190203,-0.95538473,0.22144718,-2.430899,-0.6064397,2.1126077,1.3276637,0.039997425,0.04,-5.4958906,-3.736268997192383,7.2039366,0.023797652,-0.04787353053689003,-0.027699731
956.8833333327917,-0.42224804,-0.9555252,0.22162893,-2.4309578,-0.60693747,2.113052,1.3281076,0.03999742,0.04,-5.4898233,-3.7368879318237305,7.2088547,0.023123056,-0.04634355381131172,-0.026636824
956.8999999994584,-0.42257965,-0.9556599,0.22180316,-2.431016,-0.6074145,2.113478,1.3285334,0.039997417,0.04,-5.4833612,-3.7372169494628906,7.2130966,0.02245298,-0.04482365772128105,-0.025596289
956.916666666125,-0.42289725,-0.95578873,0.22196995,-2.431073,-0.60787123,2.1138856,1.3289407,0.039997414,0.04,-5.4777665,-3.7378110885620117,7.2176085,0.021799576,-0.04333376884460449,-0.024574859
956.9333333327917,-0.42320088,-0.955912,0.2221294,-2.4311242,-0.60830796,2.1142747,1.3293304,0.03999741,0.04,-5.4724174,-3.738323926925659,7.22189,0.021164374,-0.041878875344991684,-0.023569746
956.9499999994583,-0.42349085,-0.95602965,0.22228171,-2.4311745,-0.6087251,2.1146472,1.3297025,0.03999741,0.04,-5.46675,-3.738596200942993,7.2256093,0.020533577,-0.04043805971741676,-0.022585599
956.966666666125,-0.42376748,-0.95614195,0.22242703,-2.4312239,-0.6091229,2.1150022,1.3300576,0.03999741,0.04,-5.461859,-3.7391066551208496,7.22955,0.01992179,-0.03902995586395264,-0.021622367
956.9833333327916,-0.42403093,-0.956249,0.22256546,-2.4312692,-0.6095021,2.1153402,1.3303957,0.039997403,0.04,-5.4572196,-3.7395944595336914,7.2333226,0.019326003,-0.03765612095594406,-0.020678902
956.9999999994583,-0.42428163,-0.95635074,0.22269718,-2.4313118,-0.6098626,2.115662,1.3307178,0.0399974,0.04,-5.452432,-3.7399070262908936,7.236639,0.018741207,-0.03630474954843521,-0.019758904
957.0166666661249,-0.42451972,-0.95644736,0.2228223,-2.4313538,-0.610205,2.1159682,1.3310231,0.039997395,0.04,-5.4480696,-3.7402727603912354,7.2399406,0.018168336,-0.034981727600097656,-0.018859636
957.0333333327916,-0.42474568,-0.9565391,0.22294097,-2.4313948,-0.61052996,2.1162584,1.3313129,0.039997395,0.04,-5.4441066,-3.7407140731811523,7.2431993,0.01761667,-0.033694177865982056,-0.017982956
957.0499999994582,-0.4249596,-0.956626,0.22305338,-2.431431,-0.61083776,2.1165333,1.3315877,0.039997395,0.04,-5.440355,-3.741098642349243,7.246288,0.01708154,-0.03244389593601227,-0.017125843
957.0666666661249,-0.42516184,-0.9567081,0.22315967,-2.4314656,-0.61112887,2.116793,1.3318474,0.039997395,0.04,-5.4363937,-3.7413313388824463,7.2489295,0.016554303,-0.031215444207191467,-0.01629433
957.0833333327915,-0.4253528,-0.9567856,0.22326003,-2.4314997,-0.6114035,2.117038,1.3320928,0.03999739,0.04,-5.432954,-3.7416574954986572,7.251657,0.016043812,-0.03002278134226799,-0.015485067
957.0999999994582,-0.4255328,-0.95685875,0.22335461,-2.431532,-0.6116623,2.1172688,1.3323238,0.039997388,0.04,-5.429855,-3.7420389652252197,7.2543263,0.0155513445,-0.02887079492211342,-0.014699795
957.1166666661248,-0.42570204,-0.95692754,0.2234436,-2.4315605,-0.611906,2.1174862,1.3325412,0.039997388,0.04,-5.426812,-3.7423386573791504,7.2567606,0.015075973,-0.02775479666888714,-0.013937673
957.1333333327915,-0.42586094,-0.9569922,0.2235272,-2.4315872,-0.612135,2.1176898,1.3327454,0.039997384,0.04,-5.423725,-3.742546558380127,7.2588716,0.014612014,-0.026666132733225822,-0.013202656
957.1499999994581,-0.42600992,-0.9570527,0.22360553,-2.431614,-0.6123494,2.117881,1.332937,0.039997384,0.04,-5.4210362,-3.7428083419799805,7.261048,0.014165507,-0.025615466758608818,-0.012490059
957.1666666661248,-0.4261494,-0.95710915,0.22367881,-2.4316397,-0.6125499,2.1180604,1.3331158,0.039997388,0.04,-5.4187164,-3.743162155151367,7.2631936,0.013737225,-0.02460751123726368,-0.011804123
957.1833333327914,-0.42627954,-0.95716184,0.22374724,-2.4316618,-0.6127372,2.1182265,1.3332828,0.039997388,0.04,-5.416503,-3.7434635162353516,7.2651463,0.013329664,-0.023641519248485565,-0.011144323
957.1999999994581,-0.42640087,-0.9572112,0.223811,-2.4316816,-0.61291176,2.118383,1.3334384,0.039997388,0.04,-5.414148,-3.7436068058013916,7.26679,0.012935336,-0.022710902616381645,-0.010510282
957.2166666661248,-0.42651367,-0.95725715,0.22387029,-2.4317007,-0.61307395,2.1185277,1.333583,0.039997388,0.04,-5.41198,-3.7437984943389893,7.268364,0.012555767,-0.021809540688991547,-0.009907459
957.2333333327914,-0.42661837,-0.9572997,0.22392535,-2.4317193,-0.6132243,2.1186612,1.3337173,0.039997388,0.04,-5.4102,-3.744037389755249,7.2700076,0.012194828,-0.020954357460141182,-0.009331178
957.249999999458,-0.42671525,-0.95733905,0.22397634,-2.4317374,-0.61336356,2.1187866,1.3338419,0.039997384,0.04,-5.4086566,-3.744311809539795,7.271586,0.01185352,-0.020150111988186836,-0.008781584
957.2666666661247,-0.4268049,-0.9573756,0.22402357,-2.4317532,-0.6134927,2.1189034,1.3339566,0.039997384,0.04,-5.407148,-3.7446019649505615,7.272986,0.011532046,-0.019383879378437996,-0.008264577
957.2833333327914,-0.42688763,-0.9574092,0.224067,-2.4317672,-0.61361194,2.119007,1.3340629,0.039997384,0.04,-5.405564,-3.7447509765625,7.2741694,0.011230055,-0.018652871251106262,-0.0077779135
957.299999999458,-0.426964,-0.95744026,0.22410709,-2.4317791,-0.61372185,2.119103,1.3341612,0.039997384,0.04,-5.404354,-3.7448692321777344,7.2754145,0.010943655,-0.017981741577386856,-0.007311896
957.3166666661247,-0.42703426,-0.95746875,0.22414412,-2.4317906,-0.6138229,2.1191912,1.3342513,0.039997384,0.04,-5.4030323,-3.7449963092803955,7.2764244,0.010672292,-0.017349863424897194,-0.0068774372
957.3333333327913,-0.4270989,-0.95749485,0.22417815,-2.431802,-0.6139159,2.119274,1.3343343,0.039997384,0.04,-5.40203,-3.7452592849731445,7.277522,0.010424032,-0.016765838488936424,-0.0064759776
957.349999999458,-0.42715836,-0.957519,0.22420946,-2.4318128,-0.6140015,2.1193526,1.3344108,0.03999738,0.04,-5.401137,-3.7455124855041504,7.278532,0.010197597,-0.01622629724442959,-0.006109393
957.3666666661246,-0.42721307,-0.9575412,0.22423823,-2.4318233,-0.6140802,2.1194243,1.3344809,0.03999738,0.04,-5.400184,-3.7457070350646973,7.2793913,0.009988631,-0.01571981981396675,-0.005777426
957.3833333327913,-0.42726344,-0.9575617,0.22426474,-2.4318335,-0.61415267,2.1194885,1.3345456,0.03999738,0.04,-5.3994412,-3.7458691596984863,7.2802906,0.009798872,-0.015258729457855225,-0.0054704
957.3999999994579,-0.4273098,-0.95758045,0.22428915,-2.4318416,-0.61421937,2.1195457,1.334605,0.03999738,0.04,-5.398805,-3.746016502380371,7.281131,0.009625012,-0.014844303950667381,-0.0051824013
957.4166666661246,-0.42735243,-0.9575978,0.22431163,-2.4318488,-0.61428076,2.119602,1.3346597,0.03999738,0.04,-5.3980174,-3.7460622787475586,7.281749,0.009463109,-0.01446476113051176,-0.004914085
957.4333333327912,-0.42739165,-0.9576139,0.22433232,-2.4318552,-0.6143372,2.119651,1.33471,0.039997377,0.04,-5.397229,-3.7462286949157715,7.282275,0.009313137,-0.014100071042776108,-0.0046772812
957.4499999994579,-0.42742777,-0.95762855,0.22435135,-2.4318607,-0.6143893,2.119699,1.3347565,0.039997377,0.04,-5.396687,-3.7462716102600098,7.282921,0.009174538,-0.013773678801953793,-0.00445224
957.4666666661245,-0.427461,-0.957642,0.2243689,-2.4318655,-0.6144371,2.1197405,1.3347993,0.039997377,0.04,-5.3960404,-3.746403932571411,7.2833714,0.009045843,-0.013461125083267689,-0.00425153
957.4833333327912,-0.42749158,-0.9576545,0.22438504,-2.4318697,-0.61448115,2.1197815,1.3348384,0.039997377,0.04,-5.3955846,-3.746448040008545,7.283927,0.008926619,-0.013183004222810268,-0.0040612957
957.4999999994578,-0.42751965,-0.9576659,0.22439986,-2.4318738,-0.6145216,2.1198163,1.3348745,0.039997377,0.04,-5.3950377,-3.7465641498565674,7.284329,0.008817975,-0.012915260158479214,-0.0038929468
957.5166666661245,-0.42754552,-0.9576765,0.22441351,-2.4318776,-0.61455905,2.11985,1.3349077,0.039997377,0.04,-5.394703,-3.7466063499450684,7.284847,0.008717531,-0.012680848129093647,-0.0037314207
957.5333333327911,-0.42756933,-0.9576862,0.22442608,-2.4318814,-0.6145933,2.1198812,1.3349384,0.039997377,0.04,-5.3942885,-3.7467031478881836,7.285207,0.008626163,-0.012458805926144123,-0.003585656
957.5499999994578,-0.42759126,-0.9576951,0.22443764,-2.431885,-0.6146249,2.119908,1.3349665,0.039997377,0.04,-5.3939586,-3.7467877864837646,7.285602,0.008541117,-0.012254975736141205,-0.0034526587
957.5666666661244,-0.4276114,-0.9577035,0.22444826,-2.4318883,-0.61465394,2.119934,1.3349923,0.039997377,0.04,-5.3936853,-3.7468249797821045,7.2859845,0.008463931,-0.012074582278728485,-0.0033255764
957.5833333327911,-0.42763,-0.9577111,0.22445805,-2.4318917,-0.6146806,2.1199586,1.3350161,0.039997377,0.04,-5.393349,-3.746896743774414,7.286262,0.008393331,-0.011903777718544006,-0.003211758
957.5999999994577,-0.42764702,-0.9577181,0.22446702,-2.4318948,-0.6147051,2.119981,1.3350381,0.039997377,0.04,-5.3930883,-3.7469658851623535,7.286552,0.008328069,-0.01174527034163475,-0.0031084626
957.6166666661244,-0.4276627,-0.95772463,0.22447532,-2.4318979,-0.6147277,2.1200001,1.3350581,0.039997377,0.04,-5.392837,-3.7470178604125977,7.286823,0.008268297,-0.0116006163880229,-0.0030132902
957.633333332791,-0.42767718,-0.95773053,0.22448294,-2.431901,-0.6147484,2.1200185,1.3350766,0.039997377,0.04,-5.3926578,-3.7470438480377197,7.287113,0.008214526,-0.011473776772618294,-0.002921525
957.6499999994577,-0.42769048,-0.95773584,0.22448994,-2.4319036,-0.61476755,2.1200366,1.3350935,0.039997377,0.04,-5.3924685,-3.747119665145874,7.2873187,0.008165302,-0.01135566271841526,-0.0028389425
957.6666666661243,-0.42770275,-0.95774084,0.22449642,-2.4319062,-0.61478513,2.1200528,1.3351092,0.039997377,0.04,-5.392223,-3.747171640396118,7.2874675,0.008120397,-0.011241564527153969,-0.0027660057
957.683333332791,-0.42771408,-0.9577455,0.22450235,-2.4319088,-0.61480147,2.1200674,1.3351238,0.039997377,0.04,-5.3920574,-3.747199296951294,7.28768,0.008078461,-0.011138901114463806,-0.0026974445
957.6999999994576,-0.42772448,-0.9577496,0.22450781,-2.4319115,-0.6148164,2.1200805,1.3351369,0.039997377,0.04,-5.3919177,-3.747223138809204,7.2878695,0.008040132,-0.011046253144741058,-0.002632761
957.7166666661243,-0.42773408,-0.9577535,0.22451288,-2.431914,-0.6148301,2.1200917,1.3351492,0.039997377,0.04,-5.391807,-3.7472732067108154,7.2880373,0.008006912,-0.010963629931211472,-0.0025726394
957.733333332791,-0.42774284,-0.957757,0.22451751,-2.4319167,-0.6148428,2.1201024,1.3351603,0.039997377,0.04,-5.391698,-3.7472968101501465,7.28821,0.007975407,-0.010891582816839218,-0.0025154722
957.7499999994576,-0.42775083,-0.9577604,0.22452177,-2.431919,-0.61485434,2.120113,1.3351705,0.039997377,0.04,-5.154873,-3.5302464962005615,7.1639276,0.0,-0.0,0.0
957.7666666661243,-0.42775083,-0.9577604,0.22452177,-2.431919,-0.61485434,2.120113,1.3351705,0.039997377,0.04,-5.3917418,-3.7474727630615234,7.2884617,0.0,-0.0,0.0
957.7833333327909,-0.42775083,-0.9577604,0.22452177,-2.431919,-0.61485434,2.120113,1.3351705,0.039997377,0.04,-5.3917418,-3.7474727630615234,7.2884617,0.0,-0.0,0.0
957.7999999994576,-0.42775083,-0.9577604,0.22452177,-2.431919,-0.61485434,2.120113,1.3351705,0.039997377,0.04,-5.3917418,-3.7474727630615234,7.2884617,0.0,-0.0,0.0
957.8166666661242,-0.42775083,-0.9577604,0.22452177,-2.431919,-0.61485434,2.120113,1.3351705,0.039997377,0.04,-5.3917418,-3.7474727630615234,7.2884617,0.0,-0.0,0.0
957.8333333327909,-0.42775083,-0.9577604,0.22452177,-2.431919,-0.61485434,2.120113,1.3351705,0.039997377,0.04,-5.3917418,-3.7474727630615234,7.2884617,0.0,-0.0,0.0
957.8499999994575,-0.42775083,-0.9577604,0.22452177,-2.431919,-0.61485434,2.120113,1.3351705,0.039997377,0.04,-5.3917418,-3.7474727630615234,7.2884617,0.0,-0.0,0.0
957.8666666661242,-0.42775083,-0.9577604,0.22452177,-2.431919,-0.61485434,2.120113,1.3351705,0.039997377,0.04,-5.3917418,-3.7474727630615234,7.2884617,0.0,-0.0,0.0
957.8833333327908,-0.42775083,-0.9577604,0.22452177,-2.431919,-0.61485434,2.120113,1.3351705,0.039997377,0.04,-5.3917418,-3.7474727630615234,7.2884617,0.0,-0.0,0.0
957.8999999994575,-0.42775083,-0.9577604,0.22452177,-2.431919,-0.61485434,2.120113,1.3351705,0.039997377,0.04,-5.3917418,-3.7474727630615234,7.2884617,0.0,-0.0,0.0
957.9166666661241,-0.42775083,-0.9577604,0.22452177,-2.431919,-0.61485434,2.120113,1.3351705,0.039997377,0.04,-5.3917418,-3.7474727630615234,7.2884617,0.0,-0.0,0.0
957.9333333327908,-0.42775083,-0.9577604,0.22452177,-2.431919,-0.61485434,2.120113,1.3351705,0.039997377,0.04,-5.3917418,-3.7474727630615234,7.2884617,0.0,-0.0,0.0
957.9499999994574,-0.42775083,-0.9577604,0.22452177,-2.431919,-0.61485434,2.120113,1.3351705,0.039997377,0.04,-5.3917418,-3.7474727630615234,7.2884617,0.0,-0.0,0.0
957.9666666661241,-0.42775083,-0.9577604,0.22452177,-2.431919,-0.61485434,2.120113,1.3351705,0.039997377,0.04,-5.3917418,-3.7474727630615234,7.2884617,0.0,-0.0,0.0
957.9833333327907,-0.42775083,-0.9577604,0.22452177,-2.431919,-0.61485434,2.120113,1.3351705,0.039997377,0.04,-5.3917418,-3.7474727630615234,7.2884617,0.0,-0.0,0.0
957.9999999994574,-0.42775083,-0.9577604,0.22452177,-2.431919,-0.61485434,2.120113,1.3351705,0.039997377,0.04,-5.3917418,-3.7474727630615234,7.2884617,0.0,-0.0,0.0
958.016666666124,-0.42775083,-0.9577604,0.22452177,-2.431919,-0.61485434,2.120113,1.3351705,0.039997377,0.04,-5.3917418,-3.7474727630615234,7.2884617,0.0,-0.0,0.0
958.0333333327907,-0.42775083,-0.9577604,0.22452177,-2.431919,-0.61485434,2.120113,1.3351705,0.039997377,0.04,-5.3917418,-3.7474727630615234,7.2884617,0.0,-0.0,0.0
958.0499999994573,-0.42775083,-0.9577604,0.22452177,-2.431919,-0.61485434,2.120113,1.3351705,0.039997377,0.04,-5.3917418,-3.7474727630615234,7.2884617,0.0,-0.0,0.0
958.066666666124,-0.42775083,-0.9577604,0.22452177,-2.431919,-0.61485434,2.120113,1.3351705,0.039997377,0.04,-5.3917418,-3.7474727630615234,7.2884617,0.0,-0.0,0.0
958.0833333327906,-0.42775083,-0.9577604,0.22452177,-2.431919,-0.61485434,2.120113,1.3351705,0.039997377,0.04,-5.3917418,-3.7474727630615234,7.2884617,0.0,-0.0,0.0
958.0999999994573,-0.42775083,-0.9577604,0.22452177,-2.431919,-0.61485434,2.120113,1.3351705,0.039997377,0.04,-5.3917418,-3.7474727630615234,7.2884617,0.0,-0.0,0.0
958.1166666661239,-0.42775083,-0.9577604,0.22452177,-2.431919,-0.61485434,2.120113,1.3351705,0.039997377,0.04,-5.3917418,-3.7474727630615234,7.2884617,0.0,-0.0,0.0
958.1333333327906,-0.42775083,-0.9577604,0.22452177,-2.431919,-0.61485434,2.120113,1.3351705,0.039997377,0.04,-5.3917418,-3.7474727630615234,7.2884617,0.0,-0.0,0.0
958.1499999994572,-0.42775083,-0.9577604,0.22452177,-2.431919,-0.61485434,2.120113,1.3351705,0.039997377,0.04,-5.3917418,-3.7474727630615234,7.2884617,0.0,-0.0,0.0
958.1666666661239,-0.42775083,-0.9577604,0.22452177,-2.431919,-0.61485434,2.120113,1.3351705,0.039997377,0.04,-5.3917418,-3.7474727630615234,7.2884617,0.0,-0.0,0.0
958.1833333327905,-0.42775083,-0.9577604,0.22452177,-2.431919,-0.61485434,2.120113,1.3351705,0.039997377,0.04,-5.3917418,-3.7474727630615234,7.2884617,0.0,-0.0,0.0
958.1999999994572,-0.42775083,-0.9577604,0.22452177,-2.431919,-0.61485434,2.120113,1.3351705,0.039997377,0.04,-5.3917418,-3.7474727630615234,7.2884617,0.0,-0.0,0.0
958.2166666661238,-0.42775083,-0.9577604,0.22452177,-2.431919,-0.61485434,2.120113,1.3351705,0.039997377,0.04,-5.3917418,-3.7474727630615234,7.2884617,0.0,-0.0,0.0
958.2333333327905,-0.42775083,-0.9577604,0.22452177,-2.431919,-0.61485434,2.120113,1.3351705,0.039997377,0.04,-5.3917418,-3.7474727630615234,7.2884617,0.0,-0.0,0.0
958.2499999994571,-0.42775083,-0.9577604,0.22452177,-2.431919,-0.61485434,2.120113,1.3351705,0.039997377,0.04,-5.3917418,-3.7474727630615234,7.2884617,0.0,-0.0,0.0
958.2666666661238,-0.42775083,-0.9577604,0.22452177,-2.431919,-0.61485434,2.120113,1.3351705,0.039997377,0.04,-5.3917418,-3.7474727630615234,7.2884617,0.0,-0.0,0.0
958.2833333327904,-0.42775083,-0.9577604,0.22452177,-2.431919,-0.61485434,2.120113,1.3351705,0.039997377,0.04,-5.3917418,-3.7474727630615234,7.2884617,0.0,-0.0,0.0
958.2999999994571,-0.42775083,-0.9577604,0.22452177,-2.431919,-0.61485434,2.120113,1.3351705,0.039997377,0.04,-5.3917418,-3.7474727630615234,7.2884617,0.0,-0.0,0.0
958.3166666661238,-0.42775083,-0.9577604,0.22452177,-2.431919,-0.61485434,2.120113,1.3351705,0.039997377,0.04,-5.3917418,-3.7474727630615234,7.2884617,0.0,-0.0,0.0
958.3333333327904,-0.42775083,-0.9577604,0.22452177,-2.431919,-0.61485434,2.120113,1.3351705,0.039997377,0.04,-5.3917418,-3.7474727630615234,7.2884617,0.0,-0.0,0.0
958.349999999457,-0.42775083,-0.9577604,0.22452177,-2.431919,-0.61485434,2.120113,1.3351705,0.039997377,0.04,-5.3917418,-3.7474727630615234,7.2884617,0.0,-0.0,0.0
958.3666666661237,-0.42775083,-0.9577604,0.22452177,-2.431919,-0.61485434,2.120113,1.3351705,0.039997377,0.04,-5.3917418,-3.7474727630615234,7.2884617,0.0,-0.0,0.0
958.3833333327904,-0.42775083,-0.9577604,0.22452177,-2.431919,-0.61485434,2.120113,1.3351705,0.039997377,0.04,-5.3917418,-3.7474727630615234,7.2884617,0.0,-0.0,0.0
958.399999999457,-0.42775083,-0.9577604,0.22452177,-2.431919,-0.61485434,2.120113,1.3351705,0.039997377,0.04,-5.3917418,-3.7474727630615234,7.2884617,0.0,-0.0,0.0
958.4166666661237,-0.42775083,-0.9577604,0.22452177,-2.431919,-0.61485434,2.120113,1.3351705,0.039997377,0.04,-5.3917418,-3.7474727630615234,7.2884617,0.0,-0.0,0.0
958.4333333327903,-0.42775083,-0.9577604,0.22452177,-2.431919,-0.61485434,2.120113,1.3351705,0.039997377,0.04,-5.3917418,-3.7474727630615234,7.2884617,0.0,-0.0,0.0
958.449999999457,-0.42775083,-0.9577604,0.22452177,-2.431919,-0.61485434,2.120113,1.3351705,0.039997377,0.04,-5.3917418,-3.7474727630615234,7.2884617,0.0,-0.0,0.0
958.4666666661236,-0.42775083,-0.9577604,0.22452177,-2.431919,-0.61485434,2.120113,1.3351705,0.039997377,0.04,-5.3917418,-3.7474727630615234,7.2884617,0.0,-0.0,0.0
958.4833333327903,-0.42775083,-0.9577604,0.22452177,-2.431919,-0.61485434,2.120113,1.3351705,0.039997377,0.04,-5.3917418,-3.7474727630615234,7.2884617,0.0,-0.0,0.0
958.4999999994569,-0.42775083,-0.9577604,0.22452177,-2.431919,-0.61485434,2.120113,1.3351705,0.039997377,0.04,-5.3917418,-3.7474727630615234,7.2884617,0.0,-0.0,0.0
958.5166666661236,-0.42775083,-0.9577604,0.22452177,-2.431919,-0.61485434,2.120113,1.3351705,0.039997377,0.04,-5.3917418,-3.7474727630615234,7.2884617,0.0,-0.0,0.0
958.5333333327902,-0.42775083,-0.9577604,0.22452177,-2.431919,-0.61485434,2.120113,1.3351705,0.039997377,0.04,-5.3917418,-3.7474727630615234,7.2884617,0.0,-0.0,0.0
958.5499999994569,-0.42775083,-0.9577604,0.22452177,-2.431919,-0.61485434,2.120113,1.3351705,0.039997377,0.04,-5.3917418,-3.7474727630615234,7.2884617,0.0,-0.0,0.0
958.5666666661235,-0.42775083,-0.9577604,0.22452177,-2.431919,-0.61485434,2.120113,1.3351705,0.039997377,0.04,-5.3917418,-3.7474727630615234,7.2884617,0.0,-0.0,0.0
958.5833333327902,-0.42775083,-0.9577604,0.22452177,-2.431919,-0.61485434,2.120113,1.3351705,0.039997377,0.04,-5.3917418,-3.7474727630615234,7.2884617,0.0,-0.0,0.0
958.5999999994568,-0.42775083,-0.9577604,0.22452177,-2.431919,-0.61485434,2.120113,1.3351705,0.039997377,0.04,-5.3917418,-3.7474727630615234,7.2884617,0.0,-0.0,0.0
958.6166666661235,-0.42775083,-0.9577604,0.22452177,-2.431919,-0.61485434,2.120113,1.3351705,0.039997377,0.04,-5.3917418,-3.7474727630615234,7.2884617,0.0,-0.0,0.0
958.6333333327901,-0.42775083,-0.9577604,0.22452177,-2.431919,-0.61485434,2.120113,1.3351705,0.039997377,0.04,-5.3917418,-3.7474727630615234,7.2884617,0.0,-0.0,0.0
958.6499999994568,-0.42775083,-0.9577604,0.22452177,-2.431919,-0.61485434,2.120113,1.3351705,0.039997377,0.04,-5.3917418,-3.7474727630615234,7.2884617,0.0,-0.0,0.0
958.6666666661234,-0.42775083,-0.9577604,0.22452177,-2.431919,-0.61485434,2.120113,1.3351705,0.039997377,0.04,-5.3917418,-3.7474727630615234,7.2884617,0.0,-0.0,0.0
958.6833333327901,-0.42775083,-0.9577604,0.22452177,-2.431919,-0.61485434,2.120113,1.3351705,0.039997377,0.04,-5.3917418,-3.7474727630615234,7.2884617,0.0,-0.0,0.0
958.6999999994567,-0.42775083,-0.9577604,0.22452177,-2.431919,-0.61485434,2.120113,1.3351705,0.039997377,0.04,-5.3917418,-3.7474727630615234,7.2884617,0.0,-0.0,0.0
958.7166666661234,-0.42775083,-0.9577604,0.22452177,-2.431919,-0.61485434,2.120113,1.3351705,0.039997377,0.04,-5.3917418,-3.7474727630615234,7.2884617,0.0,-0.0,0.0
958.73333333279,-0.42775083,-0.9577604,0.22452177,-2.431919,-0.61485434,2.120113,1.3351705,0.039997377,0.04,-5.3917418,-3.7474727630615234,7.2884617,0.0,-0.0,0.0
958.7499999994567,-0.42775083,-0.9577604,0.22452177,-2.431919,-0.61485434,2.120113,1.3351705,0.039997377,0.04,-5.3917418,-3.7474727630615234,7.2884617,0.0,-0.0,0.0
958.7666666661233,-0.42775083,-0.9577604,0.22452177,-2.431919,-0.61485434,2.120113,1.3351705,0.039997377,0.04,-5.3917418,-3.7474727630615234,7.2884617,0.0,-0.0,0.0
958.78333333279,-0.42775083,-0.9577604,0.22452177,-2.431919,-0.61485434,2.120113,1.3351705,0.039997377,0.04,-5.3917418,-3.7474727630615234,7.2884617,0.0,-0.0,0.0
958.7999999994566,-0.42775083,-0.9577604,0.22452177,-2.431919,-0.61485434,2.120113,1.3351705,0.039997377,0.04,-5.3917418,-3.7474727630615234,7.2884617,0.0,-0.0,0.0
958.8166666661233,-0.42775083,-0.9577604,0.22452177,-2.431919,-0.61485434,2.120113,1.3351705,0.039997377,0.04,-5.3917418,-3.7474727630615234,7.2884617,0.0,-0.0,0.0
958.83333333279,-0.42775083,-0.9577604,0.22452177,-2.431919,-0.61485434,2.120113,1.3351705,0.039997377,0.04,-5.3917418,-3.7474727630615234,7.2884617,0.0,-0.0,0.0
958.8499999994566,-0.42775083,-0.9577604,0.22452177,-2.431919,-0.61485434,2.120113,1.3351705,0.039997377,0.04,-5.3917418,-3.7474727630615234,7.2884617,0.0,-0.0,0.0
958.8666666661233,-0.42775083,-0.9577604,0.22452177,-2.431919,-0.61485434,2.120113,1.3351705,0.039997377,0.04,-5.3917418,-3.7474727630615234,7.2884617,0.0,-0.0,0.0
958.8833333327899,-0.42775083,-0.9577604,0.22452177,-2.431919,-0.61485434,2.120113,1.3351705,0.039997377,0.04,-5.3917418,-3.7474727630615234,7.2884617,0.0,-0.0,0.0
958.8999999994566,-0.42775083,-0.9577604,0.22452177,-2.431919,-0.61485434,2.120113,1.3351705,0.039997377,0.04,-5.3917418,-3.7474727630615234,7.2884617,0.0,-0.0,0.0
958.9166666661232,-0.42775083,-0.9577604,0.22452177,-2.431919,-0.61485434,2.120113,1.3351705,0.039997377,0.04,-5.3917418,-3.7474727630615234,7.2884617,0.0,-0.0,0.0
958.9333333327899,-0.42775083,-0.9577604,0.22452177,-2.431919,-0.61485434,2.120113,1.3351705,0.039997377,0.04,-5.3917418,-3.7474727630615234,7.2884617,0.0,-0.0,0.0
958.9499999994565,-0.42775083,-0.9577604,0.22452177,-2.431919,-0.61485434,2.120113,1.3351705,0.039997377,0.04,-5.3917418,-3.7474727630615234,7.2884617,0.0,-0.0,0.0
958.9666666661232,-0.42775083,-0.9577604,0.22452177,-2.431919,-0.61485434,2.120113,1.3351705,0.039997377,0.04,-5.3917418,-3.7474727630615234,7.2884617,0.0,-0.0,0.0
958.9833333327898,-0.42775083,-0.9577604,0.22452177,-2.431919,-0.61485434,2.120113,1.3351705,0.039997377,0.04,-5.3917418,-3.7474727630615234,7.2884617,0.0,-0.0,0.0
958.9999999994565,-0.42775083,-0.9577604,0.22452177,-2.431919,-0.61485434,2.120113,1.3351705,0.039997377,0.04,-5.3917418,-3.7474727630615234,7.2884617,0.0,-0.0,0.0
959.0166666661231,-0.42775083,-0.9577604,0.22452177,-2.431919,-0.61485434,2.120113,1.3351705,0.039997377,0.04,-5.3917418,-3.7474727630615234,7.2884617,0.0,-0.0,0.0
959.0333333327898,-0.42775083,-0.9577604,0.22452177,-2.431919,-0.61485434,2.120113,1.3351705,0.039997377,0.04,-5.3917418,-3.7474727630615234,7.2884617,0.0,-0.0,0.0
959.0499999994564,-0.42775083,-0.9577604,0.22452177,-2.431919,-0.61485434,2.120113,1.3351705,0.039997377,0.04,-5.3917418,-3.7474727630615234,7.2884617,0.0,-0.0,0.0
959.0666666661231,-0.42775083,-0.9577604,0.22452177,-2.431919,-0.61485434,2.120113,1.3351705,0.039997377,0.04,-5.3917418,-3.7474727630615234,7.2884617,0.0,-0.0,0.0
959.0833333327897,-0.42775083,-0.9577604,0.22452177,-2.431919,-0.61485434,2.120113,1.3351705,0.039997377,0.04,-5.3917418,-3.7474727630615234,7.2884617,0.0,-0.0,0.0
959.0999999994564,-0.42775083,-0.9577604,0.22452177,-2.431919,-0.61485434,2.120113,1.3351705,0.039997377,0.04,-5.3917418,-3.7474727630615234,7.2884617,0.0,-0.0,0.0
959.116666666123,-0.42775083,-0.9577604,0.22452177,-2.431919,-0.61485434,2.120113,1.3351705,0.039997377,0.04,-5.3917418,-3.7474727630615234,7.2884617,0.0,-0.0,0.0
959.1333333327897,-0.42775083,-0.9577604,0.22452177,-2.431919,-0.61485434,2.120113,1.3351705,0.039997377,0.04,-5.3917418,-3.7474727630615234,7.2884617,0.0,-0.0,0.0
959.1499999994563,-0.42775083,-0.9577604,0.22452177,-2.431919,-0.61485434,2.120113,1.3351705,0.039997377,0.04,-5.3917418,-3.7474727630615234,7.2884617,0.0,-0.0,0.0
959.166666666123,-0.42775083,-0.9577604,0.22452177,-2.431919,-0.61485434,2.120113,1.3351705,0.039997377,0.04,-5.3917418,-3.7474727630615234,7.2884617,0.0,-0.0,0.0
959.1833333327896,-0.42775083,-0.9577604,0.22452177,-2.431919,-0.61485434,2.120113,1.3351705,0.039997377,0.04,-5.3917418,-3.7474727630615234,7.2884617,0.0,-0.0,0.0
959.1999999994563,-0.42775083,-0.9577604,0.22452177,-2.431919,-0.61485434,2.120113,1.3351705,0.039997377,0.04,-5.3917418,-3.7474727630615234,7.2884617,0.0,-0.0,0.0
959.2166666661229,-0.42775083,-0.9577604,0.22452177,-2.431919,-0.61485434,2.120113,1.3351705,0.039997377,0.04,-5.3917418,-3.7474727630615234,7.2884617,0.0,-0.0,0.0
959.2333333327896,-0.42775083,-0.9577604,0.22452177,-2.431919,-0.61485434,2.120113,1.3351705,0.039997377,0.04,-5.3917418,-3.7474727630615234,7.2884617,0.0,-0.0,0.0
959.2499999994562,-0.42775083,-0.9577604,0.22452177,-2.431919,-0.61485434,2.120113,1.3351705,0.039997377,0.04,-5.3917418,-3.7474727630615234,7.2884617,0.0,-0.0,0.0
959.2666666661229,-0.42775083,-0.9577604,0.22452177,-2.431919,-0.61485434,2.120113,1.3351705,0.039997377,0.04,-5.3917418,-3.7474727630615234,7.2884617,0.0,-0.0,0.0
959.2833333327895,-0.42775083,-0.9577604,0.22452177,-2.431919,-0.61485434,2.120113,1.3351705,0.039997377,0.04,-5.3917418,-3.7474727630615234,7.2884617,0.0,-0.0,0.0
959.2999999994562,-0.42775083,-0.9577604,0.22452177,-2.431919,-0.61485434,2.120113,1.3351705,0.039997377,0.04,-5.3917418,-3.7474727630615234,7.2884617,0.0,-0.0,0.0
959.3166666661228,-0.42775083,-0.9577604,0.22452177,-2.431919,-0.61485434,2.120113,1.3351705,0.039997377,0.04,-5.3917418,-3.7474727630615234,7.2884617,0.0,-0.0,0.0
959.3333333327895,-0.42775083,-0.9577604,0.22452177,-2.431919,-0.61485434,2.120113,1.3351705,0.039997377,0.04,-5.3917418,-3.7474727630615234,7.2884617,0.0,-0.0,0.0
959.3499999994561,-0.42775083,-0.9577604,0.22452177,-2.431919,-0.61485434,2.120113,1.3351705,0.039997377,0.04,-5.3917418,-3.7474727630615234,7.2884617,0.0,-0.0,0.0
